ISO-10303-21;
HEADER;
/* Generated by software containing ST-Developer
 * from STEP Tools, Inc. (www.steptools.com) 
 */

FILE_DESCRIPTION(
/* description */ ('HOOPS Exchange Step'),
/* implementation_level */ '2;1');

FILE_NAME(
/* name */ 
'SPOTIFY DISPLAY 3d print(redesign with keyswitches)(door).step',
/* time_stamp */ '2026-06-22T18:34:05+04:00',
/* author */ (''),
/* organization */ (''),
/* preprocessor_version */ 'ST-DEVELOPER v20.1',
/* originating_system */ 'Autodesk Translation Framework v15.8.0.0',
/* authorisation */ '');

FILE_SCHEMA (('AUTOMOTIVE_DESIGN { 1 0 10303 214 3 1 1 }'));
ENDSEC;

DATA;
#10=MECHANICAL_DESIGN_GEOMETRIC_PRESENTATION_REPRESENTATION('',(#90,#91),
#2417);
#11=ITEM_DEFINED_TRANSFORMATION($,$,#1245,#1336);
#12=ITEM_DEFINED_TRANSFORMATION($,$,#1246,#1337);
#13=ITEM_DEFINED_TRANSFORMATION($,$,#1257,#1338);
#14=(
REPRESENTATION_RELATIONSHIP($,$,#2434,#2433)
REPRESENTATION_RELATIONSHIP_WITH_TRANSFORMATION(#11)
SHAPE_REPRESENTATION_RELATIONSHIP()
);
#15=(
REPRESENTATION_RELATIONSHIP($,$,#2435,#2433)
REPRESENTATION_RELATIONSHIP_WITH_TRANSFORMATION(#12)
SHAPE_REPRESENTATION_RELATIONSHIP()
);
#16=(
REPRESENTATION_RELATIONSHIP($,$,#2436,#2433)
REPRESENTATION_RELATIONSHIP_WITH_TRANSFORMATION(#13)
SHAPE_REPRESENTATION_RELATIONSHIP()
);
#17=CONTEXT_DEPENDENT_SHAPE_REPRESENTATION(#14,#2430);
#18=CONTEXT_DEPENDENT_SHAPE_REPRESENTATION(#15,#2431);
#19=CONTEXT_DEPENDENT_SHAPE_REPRESENTATION(#16,#2432);
#20=NEXT_ASSEMBLY_USAGE_OCCURRENCE('plate-2026-04-16T16_18_50.932Z:1',
'plate-2026-04-16T16_18_50.932Z:1','plate-2026-04-16T16_18_50.932Z:1',#2438,
#2439,'plate-2026-04-16T16_18_50.932Z:1');
#21=NEXT_ASSEMBLY_USAGE_OCCURRENCE('Component69:1','Component69:1',
'Component69:1',#2438,#2440,'Component69:1');
#22=NEXT_ASSEMBLY_USAGE_OCCURRENCE('Component70:1','Component70:1',
'Component70:1',#2438,#2441,'Component70:1');
#23=(
BOUNDED_SURFACE()
B_SPLINE_SURFACE(5,1,((#2030,#2031),(#2032,#2033),(#2034,#2035),(#2036,
#2037),(#2038,#2039),(#2040,#2041),(#2042,#2043),(#2044,#2045),(#2046,#2047),
(#2048,#2049),(#2050,#2051),(#2052,#2053),(#2054,#2055),(#2056,#2057),(#2058,
#2059),(#2060,#2061),(#2062,#2063),(#2064,#2065),(#2066,#2067),(#2068,#2069),
(#2070,#2071),(#2072,#2073),(#2074,#2075),(#2076,#2077),(#2078,#2079)),
 .UNSPECIFIED.,.T.,.F.,.F.)
B_SPLINE_SURFACE_WITH_KNOTS((6,1,1,1,1,1,1,1,1,1,1,1,1,1,1,1,1,1,1,1,6),
(2,2),(0.,0.05,0.1,0.15,0.2,0.25,0.3,0.35,0.4,0.45,0.5,0.55,0.6,0.65,0.7,
0.75,0.8,0.85,0.9,0.95,1.),(0.,0.2),.UNSPECIFIED.)
GEOMETRIC_REPRESENTATION_ITEM()
RATIONAL_B_SPLINE_SURFACE(((1.,1.),(1.,1.),(1.,1.),(1.,1.),(1.,1.),(1.,
1.),(1.,1.),(1.,1.),(1.,1.),(1.,1.),(1.,1.),(1.,1.),(1.,1.),(1.,1.),(1.,
1.),(1.,1.),(1.,1.),(1.,1.),(1.,1.),(1.,1.),(1.,1.),(1.,1.),(1.,1.),(1.,
1.),(1.,1.)))
REPRESENTATION_ITEM('')
SURFACE()
);
#24=(
BOUNDED_SURFACE()
B_SPLINE_SURFACE(5,1,((#2135,#2136),(#2137,#2138),(#2139,#2140),(#2141,
#2142),(#2143,#2144),(#2145,#2146),(#2147,#2148),(#2149,#2150)),
 .UNSPECIFIED.,.F.,.F.,.F.)
B_SPLINE_SURFACE_WITH_KNOTS((6,1,1,6),(2,2),(-1.,-0.9,-0.8,-0.772458370790186),
(0.,0.2),.UNSPECIFIED.)
GEOMETRIC_REPRESENTATION_ITEM()
RATIONAL_B_SPLINE_SURFACE(((1.,1.),(1.,1.),(1.,1.),(1.,1.),(1.,1.),(1.,
1.),(1.,1.),(1.,1.)))
REPRESENTATION_ITEM('')
SURFACE()
);
#25=(
BOUNDED_SURFACE()
B_SPLINE_SURFACE(5,1,((#2161,#2162),(#2163,#2164),(#2165,#2166),(#2167,
#2168),(#2169,#2170),(#2171,#2172),(#2173,#2174),(#2175,#2176),(#2177,#2178),
(#2179,#2180),(#2181,#2182),(#2183,#2184),(#2185,#2186),(#2187,#2188),(#2189,
#2190),(#2191,#2192),(#2193,#2194),(#2195,#2196),(#2197,#2198),(#2199,#2200),
(#2201,#2202),(#2203,#2204),(#2205,#2206),(#2207,#2208),(#2209,#2210),(#2211,
#2212),(#2213,#2214),(#2215,#2216),(#2217,#2218),(#2219,#2220),(#2221,#2222),
(#2223,#2224)),.UNSPECIFIED.,.F.,.F.,.F.)
B_SPLINE_SURFACE_WITH_KNOTS((6,1,1,1,1,1,1,1,1,1,1,1,1,1,1,1,1,1,1,1,1,
1,1,1,1,1,1,6),(2,2),(-0.867748780536533,-0.866666666666667,-0.833333333333333,
-0.8,-0.766666666666667,-0.733333333333333,-0.7,-0.666666666666667,-0.633333333333333,
-0.6,-0.566666666666667,-0.533333333333333,-0.5,-0.466666666666667,-0.433333333333333,
-0.4,-0.366666666666667,-0.333333333333333,-0.3,-0.266666666666667,-0.233333333333333,
-0.2,-0.166666666666667,-0.133333333333333,-0.1,-0.0666666666666667,-0.0333333333333333,
0.),(0.,0.2),.UNSPECIFIED.)
GEOMETRIC_REPRESENTATION_ITEM()
RATIONAL_B_SPLINE_SURFACE(((1.,1.),(1.,1.),(1.,1.),(1.,1.),(1.,1.),(1.,
1.),(1.,1.),(1.,1.),(1.,1.),(1.,1.),(1.,1.),(1.,1.),(1.,1.),(1.,1.),(1.,
1.),(1.,1.),(1.,1.),(1.,1.),(1.,1.),(1.,1.),(1.,1.),(1.,1.),(1.,1.),(1.,
1.),(1.,1.),(1.,1.),(1.,1.),(1.,1.),(1.,1.),(1.,1.),(1.,1.),(1.,1.)))
REPRESENTATION_ITEM('')
SURFACE()
);
#26=(
BOUNDED_SURFACE()
B_SPLINE_SURFACE(5,1,((#2259,#2260),(#2261,#2262),(#2263,#2264),(#2265,
#2266),(#2267,#2268),(#2269,#2270),(#2271,#2272),(#2273,#2274),(#2275,#2276),
(#2277,#2278),(#2279,#2280),(#2281,#2282),(#2283,#2284),(#2285,#2286),(#2287,
#2288),(#2289,#2290),(#2291,#2292),(#2293,#2294),(#2295,#2296),(#2297,#2298),
(#2299,#2300),(#2301,#2302),(#2303,#2304),(#2305,#2306),(#2307,#2308),(#2309,
#2310),(#2311,#2312),(#2313,#2314),(#2315,#2316),(#2317,#2318),(#2319,#2320),
(#2321,#2322)),.UNSPECIFIED.,.F.,.F.,.F.)
B_SPLINE_SURFACE_WITH_KNOTS((6,1,1,1,1,1,1,1,1,1,1,1,1,1,1,1,1,1,1,1,1,
1,1,1,1,1,1,6),(2,2),(0.,0.0333333333333333,0.0666666666666667,0.1,0.133333333333333,
0.166666666666667,0.2,0.233333333333333,0.266666666666667,0.3,0.333333333333333,
0.366666666666667,0.4,0.433333333333333,0.466666666666667,0.5,0.533333333333333,
0.566666666666667,0.6,0.633333333333333,0.666666666666667,0.7,0.733333333333333,
0.766666666666667,0.8,0.833333333333333,0.866666666666667,0.867748780536533),
(0.,0.2),.UNSPECIFIED.)
GEOMETRIC_REPRESENTATION_ITEM()
RATIONAL_B_SPLINE_SURFACE(((1.,1.),(1.,1.),(1.,1.),(1.,1.),(1.,1.),(1.,
1.),(1.,1.),(1.,1.),(1.,1.),(1.,1.),(1.,1.),(1.,1.),(1.,1.),(1.,1.),(1.,
1.),(1.,1.),(1.,1.),(1.,1.),(1.,1.),(1.,1.),(1.,1.),(1.,1.),(1.,1.),(1.,
1.),(1.,1.),(1.,1.),(1.,1.),(1.,1.),(1.,1.),(1.,1.),(1.,1.),(1.,1.)))
REPRESENTATION_ITEM('')
SURFACE()
);
#27=(
BOUNDED_SURFACE()
B_SPLINE_SURFACE(5,1,((#2357,#2358),(#2359,#2360),(#2361,#2362),(#2363,
#2364),(#2365,#2366),(#2367,#2368),(#2369,#2370),(#2371,#2372)),
 .UNSPECIFIED.,.F.,.F.,.F.)
B_SPLINE_SURFACE_WITH_KNOTS((6,1,1,6),(2,2),(0.772458370790186,0.8,0.9,
1.),(0.,0.2),.UNSPECIFIED.)
GEOMETRIC_REPRESENTATION_ITEM()
RATIONAL_B_SPLINE_SURFACE(((1.,1.),(1.,1.),(1.,1.),(1.,1.),(1.,1.),(1.,
1.),(1.,1.),(1.,1.)))
REPRESENTATION_ITEM('')
SURFACE()
);
#28=(
BOUNDED_CURVE()
B_SPLINE_CURVE(5,(#1903,#1904,#1905,#1906,#1907,#1908,#1909,#1910,#1911,
#1912,#1913,#1914,#1915,#1916,#1917,#1918,#1919,#1920,#1921,#1922,#1923,
#1924,#1925,#1926,#1927,#1928,#1929,#1930,#1931,#1932,#1933,#1934),
 .UNSPECIFIED.,.F.,.F.)
B_SPLINE_CURVE_WITH_KNOTS((6,1,1,1,1,1,1,1,1,1,1,1,1,1,1,1,1,1,1,1,1,1,
1,1,1,1,1,6),(-0.867748780536533,-0.866666666666667,-0.833333333333333,
-0.8,-0.766666666666667,-0.733333333333333,-0.7,-0.666666666666667,-0.633333333333333,
-0.6,-0.566666666666667,-0.533333333333333,-0.5,-0.466666666666667,-0.433333333333333,
-0.4,-0.366666666666667,-0.333333333333333,-0.3,-0.266666666666667,-0.233333333333333,
-0.2,-0.166666666666667,-0.133333333333333,-0.1,-0.0666666666666667,-0.0333333333333333,
0.),.UNSPECIFIED.)
CURVE()
GEOMETRIC_REPRESENTATION_ITEM()
RATIONAL_B_SPLINE_CURVE((1.,1.,1.,1.,1.,1.,1.,1.,1.,1.,1.,1.,1.,1.,1.,1.,
1.,1.,1.,1.,1.,1.,1.,1.,1.,1.,1.,1.,1.,1.,1.,1.))
REPRESENTATION_ITEM('')
);
#29=(
BOUNDED_CURVE()
B_SPLINE_CURVE(5,(#1935,#1936,#1937,#1938,#1939,#1940,#1941,#1942),
 .UNSPECIFIED.,.F.,.F.)
B_SPLINE_CURVE_WITH_KNOTS((6,1,1,6),(-1.,-0.9,-0.8,-0.772458370790186),
 .UNSPECIFIED.)
CURVE()
GEOMETRIC_REPRESENTATION_ITEM()
RATIONAL_B_SPLINE_CURVE((1.,1.,1.,1.,1.,1.,1.,1.))
REPRESENTATION_ITEM('')
);
#30=(
BOUNDED_CURVE()
B_SPLINE_CURVE(5,(#1976,#1977,#1978,#1979,#1980,#1981,#1982,#1983),
 .UNSPECIFIED.,.F.,.F.)
B_SPLINE_CURVE_WITH_KNOTS((6,1,1,6),(0.772458370790186,0.8,0.9,1.),
 .UNSPECIFIED.)
CURVE()
GEOMETRIC_REPRESENTATION_ITEM()
RATIONAL_B_SPLINE_CURVE((1.,1.,1.,1.,1.,1.,1.,1.))
REPRESENTATION_ITEM('')
);
#31=(
BOUNDED_CURVE()
B_SPLINE_CURVE(5,(#1984,#1985,#1986,#1987,#1988,#1989,#1990,#1991,#1992,
#1993,#1994,#1995,#1996,#1997,#1998,#1999,#2000,#2001,#2002,#2003,#2004,
#2005,#2006,#2007,#2008,#2009,#2010,#2011,#2012,#2013,#2014,#2015),
 .UNSPECIFIED.,.F.,.F.)
B_SPLINE_CURVE_WITH_KNOTS((6,1,1,1,1,1,1,1,1,1,1,1,1,1,1,1,1,1,1,1,1,1,
1,1,1,1,1,6),(0.,0.0333333333333333,0.0666666666666667,0.1,0.133333333333333,
0.166666666666667,0.2,0.233333333333333,0.266666666666667,0.3,0.333333333333333,
0.366666666666667,0.4,0.433333333333333,0.466666666666667,0.5,0.533333333333333,
0.566666666666667,0.6,0.633333333333333,0.666666666666667,0.7,0.733333333333333,
0.766666666666667,0.8,0.833333333333333,0.866666666666667,0.867748780536533),
 .UNSPECIFIED.)
CURVE()
GEOMETRIC_REPRESENTATION_ITEM()
RATIONAL_B_SPLINE_CURVE((1.,1.,1.,1.,1.,1.,1.,1.,1.,1.,1.,1.,1.,1.,1.,1.,
1.,1.,1.,1.,1.,1.,1.,1.,1.,1.,1.,1.,1.,1.,1.,1.))
REPRESENTATION_ITEM('')
);
#32=(
BOUNDED_CURVE()
B_SPLINE_CURVE(5,(#2081,#2082,#2083,#2084,#2085,#2086,#2087,#2088,#2089,
#2090,#2091,#2092,#2093,#2094,#2095,#2096,#2097,#2098,#2099,#2100,#2101,
#2102,#2103,#2104,#2105),.UNSPECIFIED.,.T.,.F.)
B_SPLINE_CURVE_WITH_KNOTS((6,1,1,1,1,1,1,1,1,1,1,1,1,1,1,1,1,1,1,1,6),(-1.,
-0.95,-0.9,-0.85,-0.8,-0.75,-0.7,-0.65,-0.6,-0.55,-0.5,-0.45,-0.4,-0.35,
-0.3,-0.25,-0.2,-0.15,-0.1,-0.05,0.),.UNSPECIFIED.)
CURVE()
GEOMETRIC_REPRESENTATION_ITEM()
RATIONAL_B_SPLINE_CURVE((1.,1.,1.,1.,1.,1.,1.,1.,1.,1.,1.,1.,1.,1.,1.,1.,
1.,1.,1.,1.,1.,1.,1.,1.,1.))
REPRESENTATION_ITEM('')
);
#33=(
BOUNDED_CURVE()
B_SPLINE_CURVE(5,(#2108,#2109,#2110,#2111,#2112,#2113,#2114,#2115,#2116,
#2117,#2118,#2119,#2120,#2121,#2122,#2123,#2124,#2125,#2126,#2127,#2128,
#2129,#2130,#2131,#2132),.UNSPECIFIED.,.T.,.F.)
B_SPLINE_CURVE_WITH_KNOTS((6,1,1,1,1,1,1,1,1,1,1,1,1,1,1,1,1,1,1,1,6),(0.,
0.05,0.1,0.15,0.2,0.25,0.3,0.35,0.4,0.45,0.5,0.55,0.6,0.65,0.7,0.75,0.8,
0.85,0.9,0.95,1.),.UNSPECIFIED.)
CURVE()
GEOMETRIC_REPRESENTATION_ITEM()
RATIONAL_B_SPLINE_CURVE((1.,1.,1.,1.,1.,1.,1.,1.,1.,1.,1.,1.,1.,1.,1.,1.,
1.,1.,1.,1.,1.,1.,1.,1.,1.))
REPRESENTATION_ITEM('')
);
#34=(
BOUNDED_CURVE()
B_SPLINE_CURVE(5,(#2152,#2153,#2154,#2155,#2156,#2157,#2158,#2159),
 .UNSPECIFIED.,.F.,.F.)
B_SPLINE_CURVE_WITH_KNOTS((6,1,1,6),(-1.,-0.9,-0.8,-0.772458370790186),
 .UNSPECIFIED.)
CURVE()
GEOMETRIC_REPRESENTATION_ITEM()
RATIONAL_B_SPLINE_CURVE((1.,1.,1.,1.,1.,1.,1.,1.))
REPRESENTATION_ITEM('')
);
#35=(
BOUNDED_CURVE()
B_SPLINE_CURVE(5,(#2225,#2226,#2227,#2228,#2229,#2230,#2231,#2232,#2233,
#2234,#2235,#2236,#2237,#2238,#2239,#2240,#2241,#2242,#2243,#2244,#2245,
#2246,#2247,#2248,#2249,#2250,#2251,#2252,#2253,#2254,#2255,#2256),
 .UNSPECIFIED.,.F.,.F.)
B_SPLINE_CURVE_WITH_KNOTS((6,1,1,1,1,1,1,1,1,1,1,1,1,1,1,1,1,1,1,1,1,1,
1,1,1,1,1,6),(-0.867748780536533,-0.866666666666667,-0.833333333333333,
-0.8,-0.766666666666667,-0.733333333333333,-0.7,-0.666666666666667,-0.633333333333333,
-0.6,-0.566666666666667,-0.533333333333333,-0.5,-0.466666666666667,-0.433333333333333,
-0.4,-0.366666666666667,-0.333333333333333,-0.3,-0.266666666666667,-0.233333333333333,
-0.2,-0.166666666666667,-0.133333333333333,-0.1,-0.0666666666666667,-0.0333333333333333,
0.),.UNSPECIFIED.)
CURVE()
GEOMETRIC_REPRESENTATION_ITEM()
RATIONAL_B_SPLINE_CURVE((1.,1.,1.,1.,1.,1.,1.,1.,1.,1.,1.,1.,1.,1.,1.,1.,
1.,1.,1.,1.,1.,1.,1.,1.,1.,1.,1.,1.,1.,1.,1.,1.))
REPRESENTATION_ITEM('')
);
#36=(
BOUNDED_CURVE()
B_SPLINE_CURVE(5,(#2324,#2325,#2326,#2327,#2328,#2329,#2330,#2331,#2332,
#2333,#2334,#2335,#2336,#2337,#2338,#2339,#2340,#2341,#2342,#2343,#2344,
#2345,#2346,#2347,#2348,#2349,#2350,#2351,#2352,#2353,#2354,#2355),
 .UNSPECIFIED.,.F.,.F.)
B_SPLINE_CURVE_WITH_KNOTS((6,1,1,1,1,1,1,1,1,1,1,1,1,1,1,1,1,1,1,1,1,1,
1,1,1,1,1,6),(0.,0.0333333333333333,0.0666666666666667,0.1,0.133333333333333,
0.166666666666667,0.2,0.233333333333333,0.266666666666667,0.3,0.333333333333333,
0.366666666666667,0.4,0.433333333333333,0.466666666666667,0.5,0.533333333333333,
0.566666666666667,0.6,0.633333333333333,0.666666666666667,0.7,0.733333333333333,
0.766666666666667,0.8,0.833333333333333,0.866666666666667,0.867748780536533),
 .UNSPECIFIED.)
CURVE()
GEOMETRIC_REPRESENTATION_ITEM()
RATIONAL_B_SPLINE_CURVE((1.,1.,1.,1.,1.,1.,1.,1.,1.,1.,1.,1.,1.,1.,1.,1.,
1.,1.,1.,1.,1.,1.,1.,1.,1.,1.,1.,1.,1.,1.,1.,1.))
REPRESENTATION_ITEM('')
);
#37=(
BOUNDED_CURVE()
B_SPLINE_CURVE(5,(#2373,#2374,#2375,#2376,#2377,#2378,#2379,#2380),
 .UNSPECIFIED.,.F.,.F.)
B_SPLINE_CURVE_WITH_KNOTS((6,1,1,6),(0.772458370790186,0.8,0.9,1.),
 .UNSPECIFIED.)
CURVE()
GEOMETRIC_REPRESENTATION_ITEM()
RATIONAL_B_SPLINE_CURVE((1.,1.,1.,1.,1.,1.,1.,1.))
REPRESENTATION_ITEM('')
);
#38=CYLINDRICAL_SURFACE('',#1271,5.);
#39=CYLINDRICAL_SURFACE('',#1286,4.24264075033956);
#40=CYLINDRICAL_SURFACE('',#1295,4.24264075033956);
#41=CYLINDRICAL_SURFACE('',#1301,0.70710679172326);
#42=CYLINDRICAL_SURFACE('',#1304,2.01556446710889);
#43=CYLINDRICAL_SURFACE('',#1309,0.70710679172326);
#44=CYLINDRICAL_SURFACE('',#1312,2.13600096815828);
#45=CYLINDRICAL_SURFACE('',#1316,12.7279222510187);
#46=CYLINDRICAL_SURFACE('',#1318,12.7279222510187);
#47=CYLINDRICAL_SURFACE('',#1333,5.);
#48=FACE_BOUND('',#175,.T.);
#49=FACE_BOUND('',#176,.T.);
#50=FACE_BOUND('',#184,.T.);
#51=FACE_BOUND('',#185,.T.);
#52=FACE_BOUND('',#186,.T.);
#53=FACE_BOUND('',#196,.T.);
#54=FACE_BOUND('',#202,.T.);
#55=FACE_BOUND('',#204,.T.);
#56=FACE_BOUND('',#208,.T.);
#57=FACE_BOUND('',#218,.T.);
#58=CIRCLE('',#1264,5.);
#59=CIRCLE('',#1265,5.);
#60=CIRCLE('',#1272,5.);
#61=CIRCLE('',#1274,5.);
#62=CIRCLE('',#1275,4.24264075033956);
#63=CIRCLE('',#1276,12.7279222510187);
#64=CIRCLE('',#1277,4.24264075033956);
#65=CIRCLE('',#1278,4.24264075033956);
#66=CIRCLE('',#1279,12.7279222510187);
#67=CIRCLE('',#1287,4.24264075033956);
#68=CIRCLE('',#1288,4.24264075033956);
#69=CIRCLE('',#1289,4.24264075033956);
#70=CIRCLE('',#1290,4.24264075033956);
#71=CIRCLE('',#1291,4.24264075033956);
#72=CIRCLE('',#1294,2.01556446710889);
#73=CIRCLE('',#1296,4.24264075033956);
#74=CIRCLE('',#1297,4.24264075033956);
#75=CIRCLE('',#1298,4.24264075033956);
#76=CIRCLE('',#1299,4.24264075033956);
#77=CIRCLE('',#1302,0.70710679172326);
#78=CIRCLE('',#1303,0.70710679172326);
#79=CIRCLE('',#1305,2.01556446710889);
#80=CIRCLE('',#1308,2.13600096815828);
#81=CIRCLE('',#1310,0.70710679172326);
#82=CIRCLE('',#1311,0.70710679172326);
#83=CIRCLE('',#1313,2.13600096815828);
#84=CIRCLE('',#1317,12.7279222510187);
#85=CIRCLE('',#1319,12.7279222510187);
#86=SHAPE_REPRESENTATION_RELATIONSHIP('SRR','None',#2435,#88);
#87=SHAPE_REPRESENTATION_RELATIONSHIP('SRR','None',#2436,#89);
#88=ADVANCED_BREP_SHAPE_REPRESENTATION('',(#92),#2415);
#89=ADVANCED_BREP_SHAPE_REPRESENTATION('',(#93),#2416);
#90=STYLED_ITEM('',(#2457),#92);
#91=STYLED_ITEM('',(#2457),#93);
#92=MANIFOLD_SOLID_BREP('Body1',#1208);
#93=MANIFOLD_SOLID_BREP('Body1',#1209);
#94=FACE_OUTER_BOUND('',#159,.T.);
#95=FACE_OUTER_BOUND('',#160,.T.);
#96=FACE_OUTER_BOUND('',#161,.T.);
#97=FACE_OUTER_BOUND('',#162,.T.);
#98=FACE_OUTER_BOUND('',#163,.T.);
#99=FACE_OUTER_BOUND('',#164,.T.);
#100=FACE_OUTER_BOUND('',#165,.T.);
#101=FACE_OUTER_BOUND('',#166,.T.);
#102=FACE_OUTER_BOUND('',#167,.T.);
#103=FACE_OUTER_BOUND('',#168,.T.);
#104=FACE_OUTER_BOUND('',#169,.T.);
#105=FACE_OUTER_BOUND('',#170,.T.);
#106=FACE_OUTER_BOUND('',#171,.T.);
#107=FACE_OUTER_BOUND('',#172,.T.);
#108=FACE_OUTER_BOUND('',#173,.T.);
#109=FACE_OUTER_BOUND('',#174,.T.);
#110=FACE_OUTER_BOUND('',#177,.T.);
#111=FACE_OUTER_BOUND('',#178,.T.);
#112=FACE_OUTER_BOUND('',#179,.T.);
#113=FACE_OUTER_BOUND('',#180,.T.);
#114=FACE_OUTER_BOUND('',#181,.T.);
#115=FACE_OUTER_BOUND('',#182,.T.);
#116=FACE_OUTER_BOUND('',#183,.T.);
#117=FACE_OUTER_BOUND('',#187,.T.);
#118=FACE_OUTER_BOUND('',#188,.T.);
#119=FACE_OUTER_BOUND('',#189,.T.);
#120=FACE_OUTER_BOUND('',#190,.T.);
#121=FACE_OUTER_BOUND('',#191,.T.);
#122=FACE_OUTER_BOUND('',#192,.T.);
#123=FACE_OUTER_BOUND('',#193,.T.);
#124=FACE_OUTER_BOUND('',#194,.T.);
#125=FACE_OUTER_BOUND('',#195,.T.);
#126=FACE_OUTER_BOUND('',#197,.T.);
#127=FACE_OUTER_BOUND('',#198,.T.);
#128=FACE_OUTER_BOUND('',#199,.T.);
#129=FACE_OUTER_BOUND('',#200,.T.);
#130=FACE_OUTER_BOUND('',#201,.T.);
#131=FACE_OUTER_BOUND('',#203,.T.);
#132=FACE_OUTER_BOUND('',#205,.T.);
#133=FACE_OUTER_BOUND('',#206,.T.);
#134=FACE_OUTER_BOUND('',#207,.T.);
#135=FACE_OUTER_BOUND('',#209,.T.);
#136=FACE_OUTER_BOUND('',#210,.T.);
#137=FACE_OUTER_BOUND('',#211,.T.);
#138=FACE_OUTER_BOUND('',#212,.T.);
#139=FACE_OUTER_BOUND('',#213,.T.);
#140=FACE_OUTER_BOUND('',#214,.T.);
#141=FACE_OUTER_BOUND('',#215,.T.);
#142=FACE_OUTER_BOUND('',#216,.T.);
#143=FACE_OUTER_BOUND('',#217,.T.);
#144=FACE_OUTER_BOUND('',#219,.T.);
#145=FACE_OUTER_BOUND('',#220,.T.);
#146=FACE_OUTER_BOUND('',#221,.T.);
#147=FACE_OUTER_BOUND('',#222,.T.);
#148=FACE_OUTER_BOUND('',#223,.T.);
#149=FACE_OUTER_BOUND('',#224,.T.);
#150=FACE_OUTER_BOUND('',#225,.T.);
#151=FACE_OUTER_BOUND('',#226,.T.);
#152=FACE_OUTER_BOUND('',#227,.T.);
#153=FACE_OUTER_BOUND('',#228,.T.);
#154=FACE_OUTER_BOUND('',#229,.T.);
#155=FACE_OUTER_BOUND('',#230,.T.);
#156=FACE_OUTER_BOUND('',#231,.T.);
#157=FACE_OUTER_BOUND('',#232,.T.);
#158=FACE_OUTER_BOUND('',#233,.T.);
#159=EDGE_LOOP('',(#763,#764,#765,#766));
#160=EDGE_LOOP('',(#767,#768,#769,#770,#771,#772,#773,#774));
#161=EDGE_LOOP('',(#775,#776,#777,#778));
#162=EDGE_LOOP('',(#779,#780,#781,#782));
#163=EDGE_LOOP('',(#783,#784,#785,#786));
#164=EDGE_LOOP('',(#787,#788,#789,#790));
#165=EDGE_LOOP('',(#791,#792,#793,#794));
#166=EDGE_LOOP('',(#795,#796,#797,#798));
#167=EDGE_LOOP('',(#799,#800,#801,#802));
#168=EDGE_LOOP('',(#803,#804,#805,#806,#807,#808,#809,#810));
#169=EDGE_LOOP('',(#811,#812,#813,#814));
#170=EDGE_LOOP('',(#815,#816,#817,#818));
#171=EDGE_LOOP('',(#819,#820,#821,#822));
#172=EDGE_LOOP('',(#823,#824,#825,#826));
#173=EDGE_LOOP('',(#827,#828,#829,#830));
#174=EDGE_LOOP('',(#831,#832,#833,#834,#835,#836,#837,#838,#839,#840));
#175=EDGE_LOOP('',(#841,#842,#843,#844));
#176=EDGE_LOOP('',(#845,#846,#847,#848,#849,#850,#851,#852,#853,#854,#855,
#856));
#177=EDGE_LOOP('',(#857,#858,#859,#860));
#178=EDGE_LOOP('',(#861,#862,#863,#864));
#179=EDGE_LOOP('',(#865,#866,#867,#868));
#180=EDGE_LOOP('',(#869,#870,#871,#872,#873,#874,#875,#876));
#181=EDGE_LOOP('',(#877,#878,#879,#880));
#182=EDGE_LOOP('',(#881,#882,#883,#884));
#183=EDGE_LOOP('',(#885,#886,#887,#888,#889,#890));
#184=EDGE_LOOP('',(#891,#892,#893,#894,#895,#896,#897,#898,#899,#900,#901,
#902));
#185=EDGE_LOOP('',(#903,#904,#905,#906,#907));
#186=EDGE_LOOP('',(#908,#909,#910,#911));
#187=EDGE_LOOP('',(#912,#913,#914,#915));
#188=EDGE_LOOP('',(#916,#917,#918,#919,#920,#921,#922,#923,#924,#925,#926,
#927));
#189=EDGE_LOOP('',(#928,#929,#930,#931));
#190=EDGE_LOOP('',(#932,#933,#934,#935));
#191=EDGE_LOOP('',(#936,#937,#938,#939));
#192=EDGE_LOOP('',(#940,#941,#942,#943));
#193=EDGE_LOOP('',(#944,#945,#946,#947,#948,#949,#950,#951,#952,#953,#954,
#955));
#194=EDGE_LOOP('',(#956));
#195=EDGE_LOOP('',(#957,#958,#959));
#196=EDGE_LOOP('',(#960));
#197=EDGE_LOOP('',(#961,#962,#963,#964,#965,#966,#967,#968,#969,#970,#971,
#972));
#198=EDGE_LOOP('',(#973));
#199=EDGE_LOOP('',(#974,#975,#976,#977));
#200=EDGE_LOOP('',(#978,#979,#980,#981));
#201=EDGE_LOOP('',(#982));
#202=EDGE_LOOP('',(#983));
#203=EDGE_LOOP('',(#984,#985,#986));
#204=EDGE_LOOP('',(#987));
#205=EDGE_LOOP('',(#988,#989,#990,#991));
#206=EDGE_LOOP('',(#992,#993,#994,#995));
#207=EDGE_LOOP('',(#996));
#208=EDGE_LOOP('',(#997));
#209=EDGE_LOOP('',(#998));
#210=EDGE_LOOP('',(#999,#1000,#1001,#1002));
#211=EDGE_LOOP('',(#1003,#1004,#1005,#1006));
#212=EDGE_LOOP('',(#1007,#1008,#1009,#1010));
#213=EDGE_LOOP('',(#1011,#1012,#1013,#1014));
#214=EDGE_LOOP('',(#1015,#1016,#1017,#1018));
#215=EDGE_LOOP('',(#1019,#1020,#1021,#1022));
#216=EDGE_LOOP('',(#1023,#1024,#1025,#1026));
#217=EDGE_LOOP('',(#1027,#1028,#1029,#1030,#1031,#1032,#1033,#1034,#1035,
#1036,#1037));
#218=EDGE_LOOP('',(#1038));
#219=EDGE_LOOP('',(#1039));
#220=EDGE_LOOP('',(#1040,#1041,#1042,#1043));
#221=EDGE_LOOP('',(#1044,#1045,#1046,#1047));
#222=EDGE_LOOP('',(#1048,#1049,#1050,#1051));
#223=EDGE_LOOP('',(#1052,#1053,#1054,#1055));
#224=EDGE_LOOP('',(#1056,#1057,#1058,#1059));
#225=EDGE_LOOP('',(#1060,#1061,#1062,#1063));
#226=EDGE_LOOP('',(#1064,#1065,#1066,#1067));
#227=EDGE_LOOP('',(#1068,#1069,#1070,#1071));
#228=EDGE_LOOP('',(#1072,#1073,#1074,#1075));
#229=EDGE_LOOP('',(#1076,#1077,#1078,#1079));
#230=EDGE_LOOP('',(#1080,#1081,#1082,#1083));
#231=EDGE_LOOP('',(#1084,#1085,#1086,#1087));
#232=EDGE_LOOP('',(#1088,#1089,#1090,#1091));
#233=EDGE_LOOP('',(#1092));
#234=LINE('',#1662,#361);
#235=LINE('',#1664,#362);
#236=LINE('',#1666,#363);
#237=LINE('',#1667,#364);
#238=LINE('',#1670,#365);
#239=LINE('',#1672,#366);
#240=LINE('',#1674,#367);
#241=LINE('',#1676,#368);
#242=LINE('',#1678,#369);
#243=LINE('',#1680,#370);
#244=LINE('',#1681,#371);
#245=LINE('',#1684,#372);
#246=LINE('',#1685,#373);
#247=LINE('',#1688,#374);
#248=LINE('',#1689,#375);
#249=LINE('',#1692,#376);
#250=LINE('',#1693,#377);
#251=LINE('',#1696,#378);
#252=LINE('',#1697,#379);
#253=LINE('',#1700,#380);
#254=LINE('',#1701,#381);
#255=LINE('',#1704,#382);
#256=LINE('',#1705,#383);
#257=LINE('',#1707,#384);
#258=LINE('',#1713,#385);
#259=LINE('',#1715,#386);
#260=LINE('',#1717,#387);
#261=LINE('',#1718,#388);
#262=LINE('',#1722,#389);
#263=LINE('',#1724,#390);
#264=LINE('',#1726,#391);
#265=LINE('',#1727,#392);
#266=LINE('',#1731,#393);
#267=LINE('',#1732,#394);
#268=LINE('',#1733,#395);
#269=LINE('',#1736,#396);
#270=LINE('',#1738,#397);
#271=LINE('',#1739,#398);
#272=LINE('',#1741,#399);
#273=LINE('',#1742,#400);
#274=LINE('',#1746,#401);
#275=LINE('',#1748,#402);
#276=LINE('',#1750,#403);
#277=LINE('',#1754,#404);
#278=LINE('',#1756,#405);
#279=LINE('',#1758,#406);
#280=LINE('',#1762,#407);
#281=LINE('',#1763,#408);
#282=LINE('',#1766,#409);
#283=LINE('',#1768,#410);
#284=LINE('',#1770,#411);
#285=LINE('',#1771,#412);
#286=LINE('',#1773,#413);
#287=LINE('',#1775,#414);
#288=LINE('',#1777,#415);
#289=LINE('',#1779,#416);
#290=LINE('',#1781,#417);
#291=LINE('',#1783,#418);
#292=LINE('',#1784,#419);
#293=LINE('',#1787,#420);
#294=LINE('',#1788,#421);
#295=LINE('',#1792,#422);
#296=LINE('',#1794,#423);
#297=LINE('',#1796,#424);
#298=LINE('',#1797,#425);
#299=LINE('',#1801,#426);
#300=LINE('',#1803,#427);
#301=LINE('',#1805,#428);
#302=LINE('',#1806,#429);
#303=LINE('',#1808,#430);
#304=LINE('',#1809,#431);
#305=LINE('',#1811,#432);
#306=LINE('',#1813,#433);
#307=LINE('',#1814,#434);
#308=LINE('',#1817,#435);
#309=LINE('',#1818,#436);
#310=LINE('',#1821,#437);
#311=LINE('',#1824,#438);
#312=LINE('',#1827,#439);
#313=LINE('',#1829,#440);
#314=LINE('',#1831,#441);
#315=LINE('',#1834,#442);
#316=LINE('',#1836,#443);
#317=LINE('',#1838,#444);
#318=LINE('',#1840,#445);
#319=LINE('',#1842,#446);
#320=LINE('',#1843,#447);
#321=LINE('',#1856,#448);
#322=LINE('',#1858,#449);
#323=LINE('',#1860,#450);
#324=LINE('',#1861,#451);
#325=LINE('',#1863,#452);
#326=LINE('',#1866,#453);
#327=LINE('',#1868,#454);
#328=LINE('',#1869,#455);
#329=LINE('',#1870,#456);
#330=LINE('',#1871,#457);
#331=LINE('',#1872,#458);
#332=LINE('',#1874,#459);
#333=LINE('',#1875,#460);
#334=LINE('',#1877,#461);
#335=LINE('',#1879,#462);
#336=LINE('',#1885,#463);
#337=LINE('',#1888,#464);
#338=LINE('',#1890,#465);
#339=LINE('',#1894,#466);
#340=LINE('',#1898,#467);
#341=LINE('',#1948,#468);
#342=LINE('',#1950,#469);
#343=LINE('',#1954,#470);
#344=LINE('',#1958,#471);
#345=LINE('',#1961,#472);
#346=LINE('',#1967,#473);
#347=LINE('',#1972,#474);
#348=LINE('',#2022,#475);
#349=LINE('',#2027,#476);
#350=LINE('',#2107,#477);
#351=LINE('',#2160,#478);
#352=LINE('',#2356,#479);
#353=LINE('',#2384,#480);
#354=LINE('',#2385,#481);
#355=LINE('',#2391,#482);
#356=LINE('',#2393,#483);
#357=LINE('',#2395,#484);
#358=LINE('',#2397,#485);
#359=LINE('',#2400,#486);
#360=LINE('',#2402,#487);
#361=VECTOR('',#1347,10.);
#362=VECTOR('',#1348,10.);
#363=VECTOR('',#1349,10.);
#364=VECTOR('',#1350,10.);
#365=VECTOR('',#1353,10.);
#366=VECTOR('',#1354,10.);
#367=VECTOR('',#1355,10.);
#368=VECTOR('',#1356,10.);
#369=VECTOR('',#1357,10.);
#370=VECTOR('',#1358,10.);
#371=VECTOR('',#1359,10.);
#372=VECTOR('',#1362,10.);
#373=VECTOR('',#1363,10.);
#374=VECTOR('',#1366,10.);
#375=VECTOR('',#1367,10.);
#376=VECTOR('',#1370,10.);
#377=VECTOR('',#1371,10.);
#378=VECTOR('',#1374,10.);
#379=VECTOR('',#1375,10.);
#380=VECTOR('',#1378,10.);
#381=VECTOR('',#1379,10.);
#382=VECTOR('',#1382,10.);
#383=VECTOR('',#1383,10.);
#384=VECTOR('',#1386,10.);
#385=VECTOR('',#1393,10.);
#386=VECTOR('',#1394,10.);
#387=VECTOR('',#1395,10.);
#388=VECTOR('',#1396,10.);
#389=VECTOR('',#1399,10.);
#390=VECTOR('',#1400,10.);
#391=VECTOR('',#1401,10.);
#392=VECTOR('',#1402,10.);
#393=VECTOR('',#1405,10.);
#394=VECTOR('',#1406,10.);
#395=VECTOR('',#1407,10.);
#396=VECTOR('',#1410,10.);
#397=VECTOR('',#1411,10.);
#398=VECTOR('',#1412,10.);
#399=VECTOR('',#1415,10.);
#400=VECTOR('',#1416,10.);
#401=VECTOR('',#1419,10.);
#402=VECTOR('',#1420,10.);
#403=VECTOR('',#1421,10.);
#404=VECTOR('',#1424,10.);
#405=VECTOR('',#1425,10.);
#406=VECTOR('',#1426,10.);
#407=VECTOR('',#1429,10.);
#408=VECTOR('',#1430,10.);
#409=VECTOR('',#1431,10.);
#410=VECTOR('',#1432,10.);
#411=VECTOR('',#1433,10.);
#412=VECTOR('',#1434,10.);
#413=VECTOR('',#1435,10.);
#414=VECTOR('',#1436,10.);
#415=VECTOR('',#1437,10.);
#416=VECTOR('',#1438,10.);
#417=VECTOR('',#1439,10.);
#418=VECTOR('',#1440,10.);
#419=VECTOR('',#1441,10.);
#420=VECTOR('',#1444,10.);
#421=VECTOR('',#1445,10.);
#422=VECTOR('',#1448,10.);
#423=VECTOR('',#1449,10.);
#424=VECTOR('',#1450,10.);
#425=VECTOR('',#1451,10.);
#426=VECTOR('',#1454,10.);
#427=VECTOR('',#1455,10.);
#428=VECTOR('',#1456,10.);
#429=VECTOR('',#1457,10.);
#430=VECTOR('',#1460,10.);
#431=VECTOR('',#1461,10.);
#432=VECTOR('',#1462,10.);
#433=VECTOR('',#1463,10.);
#434=VECTOR('',#1464,10.);
#435=VECTOR('',#1467,10.);
#436=VECTOR('',#1468,10.);
#437=VECTOR('',#1471,10.);
#438=VECTOR('',#1474,10.);
#439=VECTOR('',#1477,10.);
#440=VECTOR('',#1478,10.);
#441=VECTOR('',#1479,10.);
#442=VECTOR('',#1482,10.);
#443=VECTOR('',#1483,10.);
#444=VECTOR('',#1484,10.);
#445=VECTOR('',#1485,10.);
#446=VECTOR('',#1486,10.);
#447=VECTOR('',#1487,10.);
#448=VECTOR('',#1498,10.);
#449=VECTOR('',#1499,10.);
#450=VECTOR('',#1500,10.);
#451=VECTOR('',#1501,10.);
#452=VECTOR('',#1504,10.);
#453=VECTOR('',#1507,10.);
#454=VECTOR('',#1508,10.);
#455=VECTOR('',#1509,10.);
#456=VECTOR('',#1510,10.);
#457=VECTOR('',#1511,10.);
#458=VECTOR('',#1512,10.);
#459=VECTOR('',#1515,10.);
#460=VECTOR('',#1516,10.);
#461=VECTOR('',#1519,10.);
#462=VECTOR('',#1522,10.);
#463=VECTOR('',#1529,4.24264075033956);
#464=VECTOR('',#1532,10.);
#465=VECTOR('',#1533,10.);
#466=VECTOR('',#1536,10.);
#467=VECTOR('',#1539,10.);
#468=VECTOR('',#1552,4.24264075033956);
#469=VECTOR('',#1553,10.);
#470=VECTOR('',#1556,10.);
#471=VECTOR('',#1559,10.);
#472=VECTOR('',#1562,10.);
#473=VECTOR('',#1569,0.70710679172326);
#474=VECTOR('',#1576,2.01556446710889);
#475=VECTOR('',#1587,0.70710679172326);
#476=VECTOR('',#1594,2.13600096815828);
#477=VECTOR('',#1599,10.);
#478=VECTOR('',#1604,10.);
#479=VECTOR('',#1609,10.);
#480=VECTOR('',#1616,10.);
#481=VECTOR('',#1617,10.);
#482=VECTOR('',#1628,10.);
#483=VECTOR('',#1631,10.);
#484=VECTOR('',#1634,10.);
#485=VECTOR('',#1637,10.);
#486=VECTOR('',#1642,10.);
#487=VECTOR('',#1645,10.);
#488=VERTEX_POINT('',#1660);
#489=VERTEX_POINT('',#1661);
#490=VERTEX_POINT('',#1663);
#491=VERTEX_POINT('',#1665);
#492=VERTEX_POINT('',#1669);
#493=VERTEX_POINT('',#1671);
#494=VERTEX_POINT('',#1673);
#495=VERTEX_POINT('',#1675);
#496=VERTEX_POINT('',#1677);
#497=VERTEX_POINT('',#1679);
#498=VERTEX_POINT('',#1683);
#499=VERTEX_POINT('',#1687);
#500=VERTEX_POINT('',#1691);
#501=VERTEX_POINT('',#1695);
#502=VERTEX_POINT('',#1699);
#503=VERTEX_POINT('',#1703);
#504=VERTEX_POINT('',#1711);
#505=VERTEX_POINT('',#1712);
#506=VERTEX_POINT('',#1714);
#507=VERTEX_POINT('',#1716);
#508=VERTEX_POINT('',#1720);
#509=VERTEX_POINT('',#1721);
#510=VERTEX_POINT('',#1723);
#511=VERTEX_POINT('',#1725);
#512=VERTEX_POINT('',#1729);
#513=VERTEX_POINT('',#1730);
#514=VERTEX_POINT('',#1735);
#515=VERTEX_POINT('',#1737);
#516=VERTEX_POINT('',#1744);
#517=VERTEX_POINT('',#1745);
#518=VERTEX_POINT('',#1747);
#519=VERTEX_POINT('',#1749);
#520=VERTEX_POINT('',#1751);
#521=VERTEX_POINT('',#1753);
#522=VERTEX_POINT('',#1755);
#523=VERTEX_POINT('',#1757);
#524=VERTEX_POINT('',#1759);
#525=VERTEX_POINT('',#1761);
#526=VERTEX_POINT('',#1764);
#527=VERTEX_POINT('',#1765);
#528=VERTEX_POINT('',#1767);
#529=VERTEX_POINT('',#1769);
#530=VERTEX_POINT('',#1772);
#531=VERTEX_POINT('',#1774);
#532=VERTEX_POINT('',#1776);
#533=VERTEX_POINT('',#1778);
#534=VERTEX_POINT('',#1780);
#535=VERTEX_POINT('',#1782);
#536=VERTEX_POINT('',#1786);
#537=VERTEX_POINT('',#1790);
#538=VERTEX_POINT('',#1791);
#539=VERTEX_POINT('',#1793);
#540=VERTEX_POINT('',#1795);
#541=VERTEX_POINT('',#1799);
#542=VERTEX_POINT('',#1800);
#543=VERTEX_POINT('',#1802);
#544=VERTEX_POINT('',#1804);
#545=VERTEX_POINT('',#1810);
#546=VERTEX_POINT('',#1812);
#547=VERTEX_POINT('',#1816);
#548=VERTEX_POINT('',#1820);
#549=VERTEX_POINT('',#1822);
#550=VERTEX_POINT('',#1826);
#551=VERTEX_POINT('',#1828);
#552=VERTEX_POINT('',#1830);
#553=VERTEX_POINT('',#1832);
#554=VERTEX_POINT('',#1835);
#555=VERTEX_POINT('',#1837);
#556=VERTEX_POINT('',#1839);
#557=VERTEX_POINT('',#1841);
#558=VERTEX_POINT('',#1844);
#559=VERTEX_POINT('',#1845);
#560=VERTEX_POINT('',#1847);
#561=VERTEX_POINT('',#1849);
#562=VERTEX_POINT('',#1851);
#563=VERTEX_POINT('',#1854);
#564=VERTEX_POINT('',#1855);
#565=VERTEX_POINT('',#1857);
#566=VERTEX_POINT('',#1859);
#567=VERTEX_POINT('',#1865);
#568=VERTEX_POINT('',#1867);
#569=VERTEX_POINT('',#1882);
#570=VERTEX_POINT('',#1884);
#571=VERTEX_POINT('',#1886);
#572=VERTEX_POINT('',#1889);
#573=VERTEX_POINT('',#1891);
#574=VERTEX_POINT('',#1893);
#575=VERTEX_POINT('',#1895);
#576=VERTEX_POINT('',#1897);
#577=VERTEX_POINT('',#1902);
#578=VERTEX_POINT('',#1943);
#579=VERTEX_POINT('',#1946);
#580=VERTEX_POINT('',#1949);
#581=VERTEX_POINT('',#1951);
#582=VERTEX_POINT('',#1953);
#583=VERTEX_POINT('',#1955);
#584=VERTEX_POINT('',#1957);
#585=VERTEX_POINT('',#1959);
#586=VERTEX_POINT('',#1964);
#587=VERTEX_POINT('',#1966);
#588=VERTEX_POINT('',#1970);
#589=VERTEX_POINT('',#1975);
#590=VERTEX_POINT('',#2016);
#591=VERTEX_POINT('',#2019);
#592=VERTEX_POINT('',#2021);
#593=VERTEX_POINT('',#2025);
#594=VERTEX_POINT('',#2080);
#595=VERTEX_POINT('',#2106);
#596=VERTEX_POINT('',#2151);
#597=VERTEX_POINT('',#2323);
#598=EDGE_CURVE('',#488,#489,#234,.T.);
#599=EDGE_CURVE('',#490,#488,#235,.T.);
#600=EDGE_CURVE('',#491,#490,#236,.T.);
#601=EDGE_CURVE('',#489,#491,#237,.T.);
#602=EDGE_CURVE('',#491,#492,#238,.T.);
#603=EDGE_CURVE('',#492,#493,#239,.T.);
#604=EDGE_CURVE('',#493,#494,#240,.T.);
#605=EDGE_CURVE('',#494,#495,#241,.T.);
#606=EDGE_CURVE('',#495,#496,#242,.T.);
#607=EDGE_CURVE('',#496,#497,#243,.T.);
#608=EDGE_CURVE('',#497,#489,#244,.T.);
#609=EDGE_CURVE('',#490,#498,#245,.T.);
#610=EDGE_CURVE('',#498,#492,#246,.T.);
#611=EDGE_CURVE('',#499,#497,#247,.T.);
#612=EDGE_CURVE('',#488,#499,#248,.T.);
#613=EDGE_CURVE('',#499,#500,#249,.T.);
#614=EDGE_CURVE('',#500,#496,#250,.T.);
#615=EDGE_CURVE('',#500,#501,#251,.T.);
#616=EDGE_CURVE('',#501,#495,#252,.T.);
#617=EDGE_CURVE('',#501,#502,#253,.T.);
#618=EDGE_CURVE('',#502,#494,#254,.T.);
#619=EDGE_CURVE('',#503,#502,#255,.T.);
#620=EDGE_CURVE('',#503,#493,#256,.T.);
#621=EDGE_CURVE('',#498,#503,#257,.T.);
#622=EDGE_CURVE('',#504,#505,#258,.T.);
#623=EDGE_CURVE('',#506,#504,#259,.T.);
#624=EDGE_CURVE('',#506,#507,#260,.T.);
#625=EDGE_CURVE('',#505,#507,#261,.T.);
#626=EDGE_CURVE('',#508,#509,#262,.T.);
#627=EDGE_CURVE('',#508,#510,#263,.T.);
#628=EDGE_CURVE('',#511,#510,#264,.T.);
#629=EDGE_CURVE('',#511,#509,#265,.T.);
#630=EDGE_CURVE('',#512,#513,#266,.T.);
#631=EDGE_CURVE('',#509,#512,#267,.T.);
#632=EDGE_CURVE('',#513,#511,#268,.T.);
#633=EDGE_CURVE('',#507,#514,#269,.T.);
#634=EDGE_CURVE('',#515,#506,#270,.T.);
#635=EDGE_CURVE('',#515,#514,#271,.T.);
#636=EDGE_CURVE('',#514,#508,#272,.T.);
#637=EDGE_CURVE('',#510,#515,#273,.T.);
#638=EDGE_CURVE('',#516,#517,#274,.T.);
#639=EDGE_CURVE('',#517,#518,#275,.T.);
#640=EDGE_CURVE('',#519,#518,#276,.T.);
#641=EDGE_CURVE('',#520,#519,#58,.T.);
#642=EDGE_CURVE('',#521,#520,#277,.T.);
#643=EDGE_CURVE('',#522,#521,#278,.T.);
#644=EDGE_CURVE('',#523,#522,#279,.F.);
#645=EDGE_CURVE('',#524,#523,#59,.T.);
#646=EDGE_CURVE('',#525,#524,#280,.T.);
#647=EDGE_CURVE('',#525,#516,#281,.T.);
#648=EDGE_CURVE('',#526,#527,#282,.T.);
#649=EDGE_CURVE('',#527,#528,#283,.T.);
#650=EDGE_CURVE('',#528,#529,#284,.T.);
#651=EDGE_CURVE('',#529,#526,#285,.T.);
#652=EDGE_CURVE('',#530,#504,#286,.T.);
#653=EDGE_CURVE('',#531,#530,#287,.T.);
#654=EDGE_CURVE('',#532,#531,#288,.T.);
#655=EDGE_CURVE('',#533,#532,#289,.T.);
#656=EDGE_CURVE('',#534,#533,#290,.T.);
#657=EDGE_CURVE('',#535,#534,#291,.T.);
#658=EDGE_CURVE('',#513,#535,#292,.T.);
#659=EDGE_CURVE('',#536,#505,#293,.T.);
#660=EDGE_CURVE('',#530,#536,#294,.T.);
#661=EDGE_CURVE('',#537,#538,#295,.T.);
#662=EDGE_CURVE('',#537,#539,#296,.T.);
#663=EDGE_CURVE('',#540,#539,#297,.T.);
#664=EDGE_CURVE('',#538,#540,#298,.T.);
#665=EDGE_CURVE('',#541,#542,#299,.T.);
#666=EDGE_CURVE('',#543,#541,#300,.T.);
#667=EDGE_CURVE('',#544,#543,#301,.T.);
#668=EDGE_CURVE('',#542,#544,#302,.T.);
#669=EDGE_CURVE('',#539,#517,#303,.T.);
#670=EDGE_CURVE('',#516,#544,#304,.T.);
#671=EDGE_CURVE('',#543,#545,#305,.T.);
#672=EDGE_CURVE('',#545,#546,#306,.T.);
#673=EDGE_CURVE('',#546,#540,#307,.T.);
#674=EDGE_CURVE('',#535,#547,#308,.T.);
#675=EDGE_CURVE('',#512,#547,#309,.T.);
#676=EDGE_CURVE('',#523,#548,#310,.T.);
#677=EDGE_CURVE('',#548,#549,#60,.T.);
#678=EDGE_CURVE('',#549,#524,#311,.T.);
#679=EDGE_CURVE('',#548,#550,#312,.F.);
#680=EDGE_CURVE('',#550,#551,#313,.T.);
#681=EDGE_CURVE('',#551,#552,#314,.T.);
#682=EDGE_CURVE('',#552,#553,#61,.T.);
#683=EDGE_CURVE('',#553,#549,#315,.T.);
#684=EDGE_CURVE('',#547,#554,#316,.T.);
#685=EDGE_CURVE('',#554,#555,#317,.T.);
#686=EDGE_CURVE('',#555,#556,#318,.T.);
#687=EDGE_CURVE('',#556,#557,#319,.T.);
#688=EDGE_CURVE('',#557,#536,#320,.T.);
#689=EDGE_CURVE('',#558,#559,#62,.T.);
#690=EDGE_CURVE('',#559,#560,#63,.T.);
#691=EDGE_CURVE('',#560,#561,#64,.T.);
#692=EDGE_CURVE('',#561,#562,#65,.T.);
#693=EDGE_CURVE('',#562,#558,#66,.T.);
#694=EDGE_CURVE('',#563,#564,#321,.T.);
#695=EDGE_CURVE('',#564,#565,#322,.T.);
#696=EDGE_CURVE('',#565,#566,#323,.T.);
#697=EDGE_CURVE('',#566,#563,#324,.T.);
#698=EDGE_CURVE('',#522,#550,#325,.T.);
#699=EDGE_CURVE('',#538,#567,#326,.T.);
#700=EDGE_CURVE('',#567,#568,#327,.T.);
#701=EDGE_CURVE('',#541,#568,#328,.T.);
#702=EDGE_CURVE('',#542,#525,#329,.T.);
#703=EDGE_CURVE('',#519,#553,#330,.T.);
#704=EDGE_CURVE('',#518,#537,#331,.T.);
#705=EDGE_CURVE('',#563,#527,#332,.T.);
#706=EDGE_CURVE('',#564,#526,#333,.T.);
#707=EDGE_CURVE('',#566,#528,#334,.T.);
#708=EDGE_CURVE('',#565,#529,#335,.T.);
#709=EDGE_CURVE('',#569,#569,#67,.T.);
#710=EDGE_CURVE('',#569,#570,#336,.T.);
#711=EDGE_CURVE('',#571,#570,#68,.T.);
#712=EDGE_CURVE('',#559,#571,#337,.T.);
#713=EDGE_CURVE('',#558,#572,#338,.T.);
#714=EDGE_CURVE('',#573,#572,#69,.T.);
#715=EDGE_CURVE('',#574,#573,#339,.T.);
#716=EDGE_CURVE('',#575,#574,#70,.T.);
#717=EDGE_CURVE('',#575,#576,#340,.T.);
#718=EDGE_CURVE('',#570,#576,#71,.T.);
#719=EDGE_CURVE('',#574,#577,#28,.T.);
#720=EDGE_CURVE('',#577,#575,#29,.T.);
#721=EDGE_CURVE('',#578,#578,#72,.T.);
#722=EDGE_CURVE('',#579,#579,#73,.T.);
#723=EDGE_CURVE('',#579,#561,#341,.T.);
#724=EDGE_CURVE('',#560,#580,#342,.T.);
#725=EDGE_CURVE('',#581,#580,#74,.T.);
#726=EDGE_CURVE('',#582,#581,#343,.T.);
#727=EDGE_CURVE('',#583,#582,#75,.T.);
#728=EDGE_CURVE('',#583,#584,#344,.T.);
#729=EDGE_CURVE('',#585,#584,#76,.T.);
#730=EDGE_CURVE('',#562,#585,#345,.T.);
#731=EDGE_CURVE('',#586,#586,#77,.T.);
#732=EDGE_CURVE('',#586,#587,#346,.T.);
#733=EDGE_CURVE('',#587,#587,#78,.T.);
#734=EDGE_CURVE('',#588,#588,#79,.T.);
#735=EDGE_CURVE('',#588,#578,#347,.T.);
#736=EDGE_CURVE('',#582,#589,#30,.T.);
#737=EDGE_CURVE('',#589,#583,#31,.T.);
#738=EDGE_CURVE('',#590,#590,#80,.T.);
#739=EDGE_CURVE('',#591,#591,#81,.T.);
#740=EDGE_CURVE('',#591,#592,#348,.T.);
#741=EDGE_CURVE('',#592,#592,#82,.T.);
#742=EDGE_CURVE('',#593,#593,#83,.T.);
#743=EDGE_CURVE('',#593,#590,#349,.T.);
#744=EDGE_CURVE('',#594,#594,#32,.T.);
#745=EDGE_CURVE('',#594,#595,#350,.T.);
#746=EDGE_CURVE('',#595,#595,#33,.T.);
#747=EDGE_CURVE('',#580,#571,#84,.T.);
#748=EDGE_CURVE('',#596,#581,#34,.T.);
#749=EDGE_CURVE('',#589,#596,#351,.T.);
#750=EDGE_CURVE('',#584,#596,#35,.T.);
#751=EDGE_CURVE('',#572,#585,#85,.T.);
#752=EDGE_CURVE('',#597,#573,#36,.T.);
#753=EDGE_CURVE('',#577,#597,#352,.T.);
#754=EDGE_CURVE('',#576,#597,#37,.T.);
#755=EDGE_CURVE('',#567,#546,#353,.T.);
#756=EDGE_CURVE('',#568,#545,#354,.T.);
#757=EDGE_CURVE('',#531,#557,#355,.T.);
#758=EDGE_CURVE('',#532,#556,#356,.T.);
#759=EDGE_CURVE('',#533,#555,#357,.T.);
#760=EDGE_CURVE('',#534,#554,#358,.T.);
#761=EDGE_CURVE('',#521,#551,#359,.T.);
#762=EDGE_CURVE('',#520,#552,#360,.T.);
#763=ORIENTED_EDGE('',*,*,#598,.F.);
#764=ORIENTED_EDGE('',*,*,#599,.F.);
#765=ORIENTED_EDGE('',*,*,#600,.F.);
#766=ORIENTED_EDGE('',*,*,#601,.F.);
#767=ORIENTED_EDGE('',*,*,#601,.T.);
#768=ORIENTED_EDGE('',*,*,#602,.T.);
#769=ORIENTED_EDGE('',*,*,#603,.T.);
#770=ORIENTED_EDGE('',*,*,#604,.T.);
#771=ORIENTED_EDGE('',*,*,#605,.T.);
#772=ORIENTED_EDGE('',*,*,#606,.T.);
#773=ORIENTED_EDGE('',*,*,#607,.T.);
#774=ORIENTED_EDGE('',*,*,#608,.T.);
#775=ORIENTED_EDGE('',*,*,#600,.T.);
#776=ORIENTED_EDGE('',*,*,#609,.T.);
#777=ORIENTED_EDGE('',*,*,#610,.T.);
#778=ORIENTED_EDGE('',*,*,#602,.F.);
#779=ORIENTED_EDGE('',*,*,#598,.T.);
#780=ORIENTED_EDGE('',*,*,#608,.F.);
#781=ORIENTED_EDGE('',*,*,#611,.F.);
#782=ORIENTED_EDGE('',*,*,#612,.F.);
#783=ORIENTED_EDGE('',*,*,#613,.F.);
#784=ORIENTED_EDGE('',*,*,#611,.T.);
#785=ORIENTED_EDGE('',*,*,#607,.F.);
#786=ORIENTED_EDGE('',*,*,#614,.F.);
#787=ORIENTED_EDGE('',*,*,#615,.F.);
#788=ORIENTED_EDGE('',*,*,#614,.T.);
#789=ORIENTED_EDGE('',*,*,#606,.F.);
#790=ORIENTED_EDGE('',*,*,#616,.F.);
#791=ORIENTED_EDGE('',*,*,#617,.F.);
#792=ORIENTED_EDGE('',*,*,#616,.T.);
#793=ORIENTED_EDGE('',*,*,#605,.F.);
#794=ORIENTED_EDGE('',*,*,#618,.F.);
#795=ORIENTED_EDGE('',*,*,#619,.T.);
#796=ORIENTED_EDGE('',*,*,#618,.T.);
#797=ORIENTED_EDGE('',*,*,#604,.F.);
#798=ORIENTED_EDGE('',*,*,#620,.F.);
#799=ORIENTED_EDGE('',*,*,#621,.T.);
#800=ORIENTED_EDGE('',*,*,#620,.T.);
#801=ORIENTED_EDGE('',*,*,#603,.F.);
#802=ORIENTED_EDGE('',*,*,#610,.F.);
#803=ORIENTED_EDGE('',*,*,#599,.T.);
#804=ORIENTED_EDGE('',*,*,#612,.T.);
#805=ORIENTED_EDGE('',*,*,#613,.T.);
#806=ORIENTED_EDGE('',*,*,#615,.T.);
#807=ORIENTED_EDGE('',*,*,#617,.T.);
#808=ORIENTED_EDGE('',*,*,#619,.F.);
#809=ORIENTED_EDGE('',*,*,#621,.F.);
#810=ORIENTED_EDGE('',*,*,#609,.F.);
#811=ORIENTED_EDGE('',*,*,#622,.F.);
#812=ORIENTED_EDGE('',*,*,#623,.F.);
#813=ORIENTED_EDGE('',*,*,#624,.T.);
#814=ORIENTED_EDGE('',*,*,#625,.F.);
#815=ORIENTED_EDGE('',*,*,#626,.F.);
#816=ORIENTED_EDGE('',*,*,#627,.T.);
#817=ORIENTED_EDGE('',*,*,#628,.F.);
#818=ORIENTED_EDGE('',*,*,#629,.T.);
#819=ORIENTED_EDGE('',*,*,#630,.F.);
#820=ORIENTED_EDGE('',*,*,#631,.F.);
#821=ORIENTED_EDGE('',*,*,#629,.F.);
#822=ORIENTED_EDGE('',*,*,#632,.F.);
#823=ORIENTED_EDGE('',*,*,#633,.F.);
#824=ORIENTED_EDGE('',*,*,#624,.F.);
#825=ORIENTED_EDGE('',*,*,#634,.F.);
#826=ORIENTED_EDGE('',*,*,#635,.T.);
#827=ORIENTED_EDGE('',*,*,#636,.F.);
#828=ORIENTED_EDGE('',*,*,#635,.F.);
#829=ORIENTED_EDGE('',*,*,#637,.F.);
#830=ORIENTED_EDGE('',*,*,#627,.F.);
#831=ORIENTED_EDGE('',*,*,#638,.T.);
#832=ORIENTED_EDGE('',*,*,#639,.T.);
#833=ORIENTED_EDGE('',*,*,#640,.F.);
#834=ORIENTED_EDGE('',*,*,#641,.F.);
#835=ORIENTED_EDGE('',*,*,#642,.F.);
#836=ORIENTED_EDGE('',*,*,#643,.F.);
#837=ORIENTED_EDGE('',*,*,#644,.F.);
#838=ORIENTED_EDGE('',*,*,#645,.F.);
#839=ORIENTED_EDGE('',*,*,#646,.F.);
#840=ORIENTED_EDGE('',*,*,#647,.T.);
#841=ORIENTED_EDGE('',*,*,#648,.T.);
#842=ORIENTED_EDGE('',*,*,#649,.T.);
#843=ORIENTED_EDGE('',*,*,#650,.T.);
#844=ORIENTED_EDGE('',*,*,#651,.T.);
#845=ORIENTED_EDGE('',*,*,#632,.T.);
#846=ORIENTED_EDGE('',*,*,#628,.T.);
#847=ORIENTED_EDGE('',*,*,#637,.T.);
#848=ORIENTED_EDGE('',*,*,#634,.T.);
#849=ORIENTED_EDGE('',*,*,#623,.T.);
#850=ORIENTED_EDGE('',*,*,#652,.F.);
#851=ORIENTED_EDGE('',*,*,#653,.F.);
#852=ORIENTED_EDGE('',*,*,#654,.F.);
#853=ORIENTED_EDGE('',*,*,#655,.F.);
#854=ORIENTED_EDGE('',*,*,#656,.F.);
#855=ORIENTED_EDGE('',*,*,#657,.F.);
#856=ORIENTED_EDGE('',*,*,#658,.F.);
#857=ORIENTED_EDGE('',*,*,#622,.T.);
#858=ORIENTED_EDGE('',*,*,#659,.F.);
#859=ORIENTED_EDGE('',*,*,#660,.F.);
#860=ORIENTED_EDGE('',*,*,#652,.T.);
#861=ORIENTED_EDGE('',*,*,#661,.F.);
#862=ORIENTED_EDGE('',*,*,#662,.T.);
#863=ORIENTED_EDGE('',*,*,#663,.F.);
#864=ORIENTED_EDGE('',*,*,#664,.F.);
#865=ORIENTED_EDGE('',*,*,#665,.F.);
#866=ORIENTED_EDGE('',*,*,#666,.F.);
#867=ORIENTED_EDGE('',*,*,#667,.F.);
#868=ORIENTED_EDGE('',*,*,#668,.F.);
#869=ORIENTED_EDGE('',*,*,#663,.T.);
#870=ORIENTED_EDGE('',*,*,#669,.T.);
#871=ORIENTED_EDGE('',*,*,#638,.F.);
#872=ORIENTED_EDGE('',*,*,#670,.T.);
#873=ORIENTED_EDGE('',*,*,#667,.T.);
#874=ORIENTED_EDGE('',*,*,#671,.T.);
#875=ORIENTED_EDGE('',*,*,#672,.T.);
#876=ORIENTED_EDGE('',*,*,#673,.T.);
#877=ORIENTED_EDGE('',*,*,#630,.T.);
#878=ORIENTED_EDGE('',*,*,#658,.T.);
#879=ORIENTED_EDGE('',*,*,#674,.T.);
#880=ORIENTED_EDGE('',*,*,#675,.F.);
#881=ORIENTED_EDGE('',*,*,#645,.T.);
#882=ORIENTED_EDGE('',*,*,#676,.T.);
#883=ORIENTED_EDGE('',*,*,#677,.T.);
#884=ORIENTED_EDGE('',*,*,#678,.T.);
#885=ORIENTED_EDGE('',*,*,#677,.F.);
#886=ORIENTED_EDGE('',*,*,#679,.T.);
#887=ORIENTED_EDGE('',*,*,#680,.T.);
#888=ORIENTED_EDGE('',*,*,#681,.T.);
#889=ORIENTED_EDGE('',*,*,#682,.T.);
#890=ORIENTED_EDGE('',*,*,#683,.T.);
#891=ORIENTED_EDGE('',*,*,#631,.T.);
#892=ORIENTED_EDGE('',*,*,#675,.T.);
#893=ORIENTED_EDGE('',*,*,#684,.T.);
#894=ORIENTED_EDGE('',*,*,#685,.T.);
#895=ORIENTED_EDGE('',*,*,#686,.T.);
#896=ORIENTED_EDGE('',*,*,#687,.T.);
#897=ORIENTED_EDGE('',*,*,#688,.T.);
#898=ORIENTED_EDGE('',*,*,#659,.T.);
#899=ORIENTED_EDGE('',*,*,#625,.T.);
#900=ORIENTED_EDGE('',*,*,#633,.T.);
#901=ORIENTED_EDGE('',*,*,#636,.T.);
#902=ORIENTED_EDGE('',*,*,#626,.T.);
#903=ORIENTED_EDGE('',*,*,#689,.T.);
#904=ORIENTED_EDGE('',*,*,#690,.T.);
#905=ORIENTED_EDGE('',*,*,#691,.T.);
#906=ORIENTED_EDGE('',*,*,#692,.T.);
#907=ORIENTED_EDGE('',*,*,#693,.T.);
#908=ORIENTED_EDGE('',*,*,#694,.T.);
#909=ORIENTED_EDGE('',*,*,#695,.T.);
#910=ORIENTED_EDGE('',*,*,#696,.T.);
#911=ORIENTED_EDGE('',*,*,#697,.T.);
#912=ORIENTED_EDGE('',*,*,#676,.F.);
#913=ORIENTED_EDGE('',*,*,#644,.T.);
#914=ORIENTED_EDGE('',*,*,#698,.T.);
#915=ORIENTED_EDGE('',*,*,#679,.F.);
#916=ORIENTED_EDGE('',*,*,#661,.T.);
#917=ORIENTED_EDGE('',*,*,#699,.T.);
#918=ORIENTED_EDGE('',*,*,#700,.T.);
#919=ORIENTED_EDGE('',*,*,#701,.F.);
#920=ORIENTED_EDGE('',*,*,#665,.T.);
#921=ORIENTED_EDGE('',*,*,#702,.T.);
#922=ORIENTED_EDGE('',*,*,#646,.T.);
#923=ORIENTED_EDGE('',*,*,#678,.F.);
#924=ORIENTED_EDGE('',*,*,#683,.F.);
#925=ORIENTED_EDGE('',*,*,#703,.F.);
#926=ORIENTED_EDGE('',*,*,#640,.T.);
#927=ORIENTED_EDGE('',*,*,#704,.T.);
#928=ORIENTED_EDGE('',*,*,#694,.F.);
#929=ORIENTED_EDGE('',*,*,#705,.T.);
#930=ORIENTED_EDGE('',*,*,#648,.F.);
#931=ORIENTED_EDGE('',*,*,#706,.F.);
#932=ORIENTED_EDGE('',*,*,#697,.F.);
#933=ORIENTED_EDGE('',*,*,#707,.T.);
#934=ORIENTED_EDGE('',*,*,#649,.F.);
#935=ORIENTED_EDGE('',*,*,#705,.F.);
#936=ORIENTED_EDGE('',*,*,#696,.F.);
#937=ORIENTED_EDGE('',*,*,#708,.T.);
#938=ORIENTED_EDGE('',*,*,#650,.F.);
#939=ORIENTED_EDGE('',*,*,#707,.F.);
#940=ORIENTED_EDGE('',*,*,#695,.F.);
#941=ORIENTED_EDGE('',*,*,#706,.T.);
#942=ORIENTED_EDGE('',*,*,#651,.F.);
#943=ORIENTED_EDGE('',*,*,#708,.F.);
#944=ORIENTED_EDGE('',*,*,#709,.F.);
#945=ORIENTED_EDGE('',*,*,#710,.T.);
#946=ORIENTED_EDGE('',*,*,#711,.F.);
#947=ORIENTED_EDGE('',*,*,#712,.F.);
#948=ORIENTED_EDGE('',*,*,#689,.F.);
#949=ORIENTED_EDGE('',*,*,#713,.T.);
#950=ORIENTED_EDGE('',*,*,#714,.F.);
#951=ORIENTED_EDGE('',*,*,#715,.F.);
#952=ORIENTED_EDGE('',*,*,#716,.F.);
#953=ORIENTED_EDGE('',*,*,#717,.T.);
#954=ORIENTED_EDGE('',*,*,#718,.F.);
#955=ORIENTED_EDGE('',*,*,#710,.F.);
#956=ORIENTED_EDGE('',*,*,#709,.T.);
#957=ORIENTED_EDGE('',*,*,#716,.T.);
#958=ORIENTED_EDGE('',*,*,#719,.T.);
#959=ORIENTED_EDGE('',*,*,#720,.T.);
#960=ORIENTED_EDGE('',*,*,#721,.T.);
#961=ORIENTED_EDGE('',*,*,#722,.F.);
#962=ORIENTED_EDGE('',*,*,#723,.T.);
#963=ORIENTED_EDGE('',*,*,#691,.F.);
#964=ORIENTED_EDGE('',*,*,#724,.T.);
#965=ORIENTED_EDGE('',*,*,#725,.F.);
#966=ORIENTED_EDGE('',*,*,#726,.F.);
#967=ORIENTED_EDGE('',*,*,#727,.F.);
#968=ORIENTED_EDGE('',*,*,#728,.T.);
#969=ORIENTED_EDGE('',*,*,#729,.F.);
#970=ORIENTED_EDGE('',*,*,#730,.F.);
#971=ORIENTED_EDGE('',*,*,#692,.F.);
#972=ORIENTED_EDGE('',*,*,#723,.F.);
#973=ORIENTED_EDGE('',*,*,#722,.T.);
#974=ORIENTED_EDGE('',*,*,#731,.F.);
#975=ORIENTED_EDGE('',*,*,#732,.T.);
#976=ORIENTED_EDGE('',*,*,#733,.F.);
#977=ORIENTED_EDGE('',*,*,#732,.F.);
#978=ORIENTED_EDGE('',*,*,#734,.F.);
#979=ORIENTED_EDGE('',*,*,#735,.T.);
#980=ORIENTED_EDGE('',*,*,#721,.F.);
#981=ORIENTED_EDGE('',*,*,#735,.F.);
#982=ORIENTED_EDGE('',*,*,#734,.T.);
#983=ORIENTED_EDGE('',*,*,#731,.T.);
#984=ORIENTED_EDGE('',*,*,#727,.T.);
#985=ORIENTED_EDGE('',*,*,#736,.T.);
#986=ORIENTED_EDGE('',*,*,#737,.T.);
#987=ORIENTED_EDGE('',*,*,#738,.T.);
#988=ORIENTED_EDGE('',*,*,#739,.F.);
#989=ORIENTED_EDGE('',*,*,#740,.T.);
#990=ORIENTED_EDGE('',*,*,#741,.F.);
#991=ORIENTED_EDGE('',*,*,#740,.F.);
#992=ORIENTED_EDGE('',*,*,#742,.F.);
#993=ORIENTED_EDGE('',*,*,#743,.T.);
#994=ORIENTED_EDGE('',*,*,#738,.F.);
#995=ORIENTED_EDGE('',*,*,#743,.F.);
#996=ORIENTED_EDGE('',*,*,#742,.T.);
#997=ORIENTED_EDGE('',*,*,#739,.T.);
#998=ORIENTED_EDGE('',*,*,#733,.T.);
#999=ORIENTED_EDGE('',*,*,#744,.F.);
#1000=ORIENTED_EDGE('',*,*,#745,.T.);
#1001=ORIENTED_EDGE('',*,*,#746,.F.);
#1002=ORIENTED_EDGE('',*,*,#745,.F.);
#1003=ORIENTED_EDGE('',*,*,#690,.F.);
#1004=ORIENTED_EDGE('',*,*,#712,.T.);
#1005=ORIENTED_EDGE('',*,*,#747,.F.);
#1006=ORIENTED_EDGE('',*,*,#724,.F.);
#1007=ORIENTED_EDGE('',*,*,#736,.F.);
#1008=ORIENTED_EDGE('',*,*,#726,.T.);
#1009=ORIENTED_EDGE('',*,*,#748,.F.);
#1010=ORIENTED_EDGE('',*,*,#749,.F.);
#1011=ORIENTED_EDGE('',*,*,#737,.F.);
#1012=ORIENTED_EDGE('',*,*,#749,.T.);
#1013=ORIENTED_EDGE('',*,*,#750,.F.);
#1014=ORIENTED_EDGE('',*,*,#728,.F.);
#1015=ORIENTED_EDGE('',*,*,#693,.F.);
#1016=ORIENTED_EDGE('',*,*,#730,.T.);
#1017=ORIENTED_EDGE('',*,*,#751,.F.);
#1018=ORIENTED_EDGE('',*,*,#713,.F.);
#1019=ORIENTED_EDGE('',*,*,#719,.F.);
#1020=ORIENTED_EDGE('',*,*,#715,.T.);
#1021=ORIENTED_EDGE('',*,*,#752,.F.);
#1022=ORIENTED_EDGE('',*,*,#753,.F.);
#1023=ORIENTED_EDGE('',*,*,#720,.F.);
#1024=ORIENTED_EDGE('',*,*,#753,.T.);
#1025=ORIENTED_EDGE('',*,*,#754,.F.);
#1026=ORIENTED_EDGE('',*,*,#717,.F.);
#1027=ORIENTED_EDGE('',*,*,#754,.T.);
#1028=ORIENTED_EDGE('',*,*,#752,.T.);
#1029=ORIENTED_EDGE('',*,*,#714,.T.);
#1030=ORIENTED_EDGE('',*,*,#751,.T.);
#1031=ORIENTED_EDGE('',*,*,#729,.T.);
#1032=ORIENTED_EDGE('',*,*,#750,.T.);
#1033=ORIENTED_EDGE('',*,*,#748,.T.);
#1034=ORIENTED_EDGE('',*,*,#725,.T.);
#1035=ORIENTED_EDGE('',*,*,#747,.T.);
#1036=ORIENTED_EDGE('',*,*,#711,.T.);
#1037=ORIENTED_EDGE('',*,*,#718,.T.);
#1038=ORIENTED_EDGE('',*,*,#746,.T.);
#1039=ORIENTED_EDGE('',*,*,#741,.T.);
#1040=ORIENTED_EDGE('',*,*,#700,.F.);
#1041=ORIENTED_EDGE('',*,*,#755,.T.);
#1042=ORIENTED_EDGE('',*,*,#672,.F.);
#1043=ORIENTED_EDGE('',*,*,#756,.F.);
#1044=ORIENTED_EDGE('',*,*,#704,.F.);
#1045=ORIENTED_EDGE('',*,*,#639,.F.);
#1046=ORIENTED_EDGE('',*,*,#669,.F.);
#1047=ORIENTED_EDGE('',*,*,#662,.F.);
#1048=ORIENTED_EDGE('',*,*,#664,.T.);
#1049=ORIENTED_EDGE('',*,*,#673,.F.);
#1050=ORIENTED_EDGE('',*,*,#755,.F.);
#1051=ORIENTED_EDGE('',*,*,#699,.F.);
#1052=ORIENTED_EDGE('',*,*,#666,.T.);
#1053=ORIENTED_EDGE('',*,*,#701,.T.);
#1054=ORIENTED_EDGE('',*,*,#756,.T.);
#1055=ORIENTED_EDGE('',*,*,#671,.F.);
#1056=ORIENTED_EDGE('',*,*,#702,.F.);
#1057=ORIENTED_EDGE('',*,*,#668,.T.);
#1058=ORIENTED_EDGE('',*,*,#670,.F.);
#1059=ORIENTED_EDGE('',*,*,#647,.F.);
#1060=ORIENTED_EDGE('',*,*,#653,.T.);
#1061=ORIENTED_EDGE('',*,*,#660,.T.);
#1062=ORIENTED_EDGE('',*,*,#688,.F.);
#1063=ORIENTED_EDGE('',*,*,#757,.F.);
#1064=ORIENTED_EDGE('',*,*,#654,.T.);
#1065=ORIENTED_EDGE('',*,*,#757,.T.);
#1066=ORIENTED_EDGE('',*,*,#687,.F.);
#1067=ORIENTED_EDGE('',*,*,#758,.F.);
#1068=ORIENTED_EDGE('',*,*,#655,.T.);
#1069=ORIENTED_EDGE('',*,*,#758,.T.);
#1070=ORIENTED_EDGE('',*,*,#686,.F.);
#1071=ORIENTED_EDGE('',*,*,#759,.F.);
#1072=ORIENTED_EDGE('',*,*,#656,.T.);
#1073=ORIENTED_EDGE('',*,*,#759,.T.);
#1074=ORIENTED_EDGE('',*,*,#685,.F.);
#1075=ORIENTED_EDGE('',*,*,#760,.F.);
#1076=ORIENTED_EDGE('',*,*,#657,.T.);
#1077=ORIENTED_EDGE('',*,*,#760,.T.);
#1078=ORIENTED_EDGE('',*,*,#684,.F.);
#1079=ORIENTED_EDGE('',*,*,#674,.F.);
#1080=ORIENTED_EDGE('',*,*,#643,.T.);
#1081=ORIENTED_EDGE('',*,*,#761,.T.);
#1082=ORIENTED_EDGE('',*,*,#680,.F.);
#1083=ORIENTED_EDGE('',*,*,#698,.F.);
#1084=ORIENTED_EDGE('',*,*,#641,.T.);
#1085=ORIENTED_EDGE('',*,*,#703,.T.);
#1086=ORIENTED_EDGE('',*,*,#682,.F.);
#1087=ORIENTED_EDGE('',*,*,#762,.F.);
#1088=ORIENTED_EDGE('',*,*,#642,.T.);
#1089=ORIENTED_EDGE('',*,*,#762,.T.);
#1090=ORIENTED_EDGE('',*,*,#681,.F.);
#1091=ORIENTED_EDGE('',*,*,#761,.F.);
#1092=ORIENTED_EDGE('',*,*,#744,.T.);
#1093=PLANE('',#1247);
#1094=PLANE('',#1248);
#1095=PLANE('',#1249);
#1096=PLANE('',#1250);
#1097=PLANE('',#1251);
#1098=PLANE('',#1252);
#1099=PLANE('',#1253);
#1100=PLANE('',#1254);
#1101=PLANE('',#1255);
#1102=PLANE('',#1256);
#1103=PLANE('',#1258);
#1104=PLANE('',#1259);
#1105=PLANE('',#1260);
#1106=PLANE('',#1261);
#1107=PLANE('',#1262);
#1108=PLANE('',#1263);
#1109=PLANE('',#1266);
#1110=PLANE('',#1267);
#1111=PLANE('',#1268);
#1112=PLANE('',#1269);
#1113=PLANE('',#1270);
#1114=PLANE('',#1273);
#1115=PLANE('',#1280);
#1116=PLANE('',#1281);
#1117=PLANE('',#1282);
#1118=PLANE('',#1283);
#1119=PLANE('',#1284);
#1120=PLANE('',#1285);
#1121=PLANE('',#1292);
#1122=PLANE('',#1293);
#1123=PLANE('',#1300);
#1124=PLANE('',#1306);
#1125=PLANE('',#1307);
#1126=PLANE('',#1314);
#1127=PLANE('',#1315);
#1128=PLANE('',#1320);
#1129=PLANE('',#1321);
#1130=PLANE('',#1322);
#1131=PLANE('',#1323);
#1132=PLANE('',#1324);
#1133=PLANE('',#1325);
#1134=PLANE('',#1326);
#1135=PLANE('',#1327);
#1136=PLANE('',#1328);
#1137=PLANE('',#1329);
#1138=PLANE('',#1330);
#1139=PLANE('',#1331);
#1140=PLANE('',#1332);
#1141=PLANE('',#1334);
#1142=PLANE('',#1335);
#1143=ADVANCED_FACE('',(#94),#1093,.F.);
#1144=ADVANCED_FACE('',(#95),#1094,.T.);
#1145=ADVANCED_FACE('',(#96),#1095,.T.);
#1146=ADVANCED_FACE('',(#97),#1096,.T.);
#1147=ADVANCED_FACE('',(#98),#1097,.T.);
#1148=ADVANCED_FACE('',(#99),#1098,.T.);
#1149=ADVANCED_FACE('',(#100),#1099,.T.);
#1150=ADVANCED_FACE('',(#101),#1100,.T.);
#1151=ADVANCED_FACE('',(#102),#1101,.T.);
#1152=ADVANCED_FACE('',(#103),#1102,.F.);
#1153=ADVANCED_FACE('',(#104),#1103,.F.);
#1154=ADVANCED_FACE('',(#105),#1104,.F.);
#1155=ADVANCED_FACE('',(#106),#1105,.F.);
#1156=ADVANCED_FACE('',(#107),#1106,.F.);
#1157=ADVANCED_FACE('',(#108),#1107,.F.);
#1158=ADVANCED_FACE('',(#109,#48,#49),#1108,.F.);
#1159=ADVANCED_FACE('',(#110),#1109,.T.);
#1160=ADVANCED_FACE('',(#111),#1110,.F.);
#1161=ADVANCED_FACE('',(#112),#1111,.F.);
#1162=ADVANCED_FACE('',(#113),#1112,.T.);
#1163=ADVANCED_FACE('',(#114),#1113,.T.);
#1164=ADVANCED_FACE('',(#115),#38,.T.);
#1165=ADVANCED_FACE('',(#116,#50,#51,#52),#1114,.T.);
#1166=ADVANCED_FACE('',(#117),#1115,.T.);
#1167=ADVANCED_FACE('',(#118),#1116,.T.);
#1168=ADVANCED_FACE('',(#119),#1117,.F.);
#1169=ADVANCED_FACE('',(#120),#1118,.F.);
#1170=ADVANCED_FACE('',(#121),#1119,.F.);
#1171=ADVANCED_FACE('',(#122),#1120,.F.);
#1172=ADVANCED_FACE('',(#123),#39,.T.);
#1173=ADVANCED_FACE('',(#124),#1121,.T.);
#1174=ADVANCED_FACE('',(#125,#53),#1122,.T.);
#1175=ADVANCED_FACE('',(#126),#40,.T.);
#1176=ADVANCED_FACE('',(#127),#1123,.T.);
#1177=ADVANCED_FACE('',(#128),#41,.F.);
#1178=ADVANCED_FACE('',(#129),#42,.T.);
#1179=ADVANCED_FACE('',(#130,#54),#1124,.T.);
#1180=ADVANCED_FACE('',(#131,#55),#1125,.T.);
#1181=ADVANCED_FACE('',(#132),#43,.F.);
#1182=ADVANCED_FACE('',(#133),#44,.T.);
#1183=ADVANCED_FACE('',(#134,#56),#1126,.T.);
#1184=ADVANCED_FACE('',(#135),#1127,.T.);
#1185=ADVANCED_FACE('',(#136),#23,.T.);
#1186=ADVANCED_FACE('',(#137),#45,.T.);
#1187=ADVANCED_FACE('',(#138),#24,.T.);
#1188=ADVANCED_FACE('',(#139),#25,.T.);
#1189=ADVANCED_FACE('',(#140),#46,.T.);
#1190=ADVANCED_FACE('',(#141),#26,.T.);
#1191=ADVANCED_FACE('',(#142),#27,.T.);
#1192=ADVANCED_FACE('',(#143,#57),#1128,.T.);
#1193=ADVANCED_FACE('',(#144),#1129,.T.);
#1194=ADVANCED_FACE('',(#145),#1130,.T.);
#1195=ADVANCED_FACE('',(#146),#1131,.T.);
#1196=ADVANCED_FACE('',(#147),#1132,.T.);
#1197=ADVANCED_FACE('',(#148),#1133,.T.);
#1198=ADVANCED_FACE('',(#149),#1134,.T.);
#1199=ADVANCED_FACE('',(#150),#1135,.T.);
#1200=ADVANCED_FACE('',(#151),#1136,.T.);
#1201=ADVANCED_FACE('',(#152),#1137,.T.);
#1202=ADVANCED_FACE('',(#153),#1138,.T.);
#1203=ADVANCED_FACE('',(#154),#1139,.T.);
#1204=ADVANCED_FACE('',(#155),#1140,.T.);
#1205=ADVANCED_FACE('',(#156),#47,.T.);
#1206=ADVANCED_FACE('',(#157),#1141,.T.);
#1207=ADVANCED_FACE('',(#158),#1142,.T.);
#1208=CLOSED_SHELL('',(#1143,#1144,#1145,#1146,#1147,#1148,#1149,#1150,
#1151,#1152));
#1209=CLOSED_SHELL('',(#1153,#1154,#1155,#1156,#1157,#1158,#1159,#1160,
#1161,#1162,#1163,#1164,#1165,#1166,#1167,#1168,#1169,#1170,#1171,#1172,
#1173,#1174,#1175,#1176,#1177,#1178,#1179,#1180,#1181,#1182,#1183,#1184,
#1185,#1186,#1187,#1188,#1189,#1190,#1191,#1192,#1193,#1194,#1195,#1196,
#1197,#1198,#1199,#1200,#1201,#1202,#1203,#1204,#1205,#1206,#1207));
#1210=DERIVED_UNIT_ELEMENT(#1216,1.);
#1211=DERIVED_UNIT_ELEMENT(#2419,-3.);
#1212=DERIVED_UNIT_ELEMENT(#1216,1.);
#1213=DERIVED_UNIT_ELEMENT(#2419,-3.);
#1214=DERIVED_UNIT_ELEMENT(#1216,1.);
#1215=DERIVED_UNIT_ELEMENT(#2419,-3.);
#1216=(
MASS_UNIT()
NAMED_UNIT(*)
SI_UNIT(.KILO.,.GRAM.)
);
#1217=DERIVED_UNIT((#1210,#1211));
#1218=DERIVED_UNIT((#1212,#1213));
#1219=DERIVED_UNIT((#1214,#1215));
#1220=MEASURE_REPRESENTATION_ITEM('density measure',
POSITIVE_RATIO_MEASURE(7850.),#1217);
#1221=MEASURE_REPRESENTATION_ITEM('density measure',
POSITIVE_RATIO_MEASURE(7850.),#1218);
#1222=MEASURE_REPRESENTATION_ITEM('density measure',
POSITIVE_RATIO_MEASURE(7850.),#1219);
#1223=PROPERTY_DEFINITION_REPRESENTATION(#1238,#1229);
#1224=PROPERTY_DEFINITION_REPRESENTATION(#1239,#1230);
#1225=PROPERTY_DEFINITION_REPRESENTATION(#1240,#1231);
#1226=PROPERTY_DEFINITION_REPRESENTATION(#1241,#1232);
#1227=PROPERTY_DEFINITION_REPRESENTATION(#1242,#1233);
#1228=PROPERTY_DEFINITION_REPRESENTATION(#1243,#1234);
#1229=REPRESENTATION('material name',(#1235),#2414);
#1230=REPRESENTATION('density',(#1220),#2414);
#1231=REPRESENTATION('material name',(#1236),#2415);
#1232=REPRESENTATION('density',(#1221),#2415);
#1233=REPRESENTATION('material name',(#1237),#2416);
#1234=REPRESENTATION('density',(#1222),#2416);
#1235=DESCRIPTIVE_REPRESENTATION_ITEM('Steel','Steel');
#1236=DESCRIPTIVE_REPRESENTATION_ITEM('Steel','Steel');
#1237=DESCRIPTIVE_REPRESENTATION_ITEM('Steel','Steel');
#1238=PROPERTY_DEFINITION('material property','material name',#2439);
#1239=PROPERTY_DEFINITION('material property','density of part',#2439);
#1240=PROPERTY_DEFINITION('material property','material name',#2440);
#1241=PROPERTY_DEFINITION('material property','density of part',#2440);
#1242=PROPERTY_DEFINITION('material property','material name',#2441);
#1243=PROPERTY_DEFINITION('material property','density of part',#2441);
#1244=AXIS2_PLACEMENT_3D('',#1656,#1339,#1340);
#1245=AXIS2_PLACEMENT_3D('',#1657,#1341,#1342);
#1246=AXIS2_PLACEMENT_3D('',#1658,#1343,#1344);
#1247=AXIS2_PLACEMENT_3D('',#1659,#1345,#1346);
#1248=AXIS2_PLACEMENT_3D('',#1668,#1351,#1352);
#1249=AXIS2_PLACEMENT_3D('',#1682,#1360,#1361);
#1250=AXIS2_PLACEMENT_3D('',#1686,#1364,#1365);
#1251=AXIS2_PLACEMENT_3D('',#1690,#1368,#1369);
#1252=AXIS2_PLACEMENT_3D('',#1694,#1372,#1373);
#1253=AXIS2_PLACEMENT_3D('',#1698,#1376,#1377);
#1254=AXIS2_PLACEMENT_3D('',#1702,#1380,#1381);
#1255=AXIS2_PLACEMENT_3D('',#1706,#1384,#1385);
#1256=AXIS2_PLACEMENT_3D('',#1708,#1387,#1388);
#1257=AXIS2_PLACEMENT_3D('',#1709,#1389,#1390);
#1258=AXIS2_PLACEMENT_3D('',#1710,#1391,#1392);
#1259=AXIS2_PLACEMENT_3D('',#1719,#1397,#1398);
#1260=AXIS2_PLACEMENT_3D('',#1728,#1403,#1404);
#1261=AXIS2_PLACEMENT_3D('',#1734,#1408,#1409);
#1262=AXIS2_PLACEMENT_3D('',#1740,#1413,#1414);
#1263=AXIS2_PLACEMENT_3D('',#1743,#1417,#1418);
#1264=AXIS2_PLACEMENT_3D('',#1752,#1422,#1423);
#1265=AXIS2_PLACEMENT_3D('',#1760,#1427,#1428);
#1266=AXIS2_PLACEMENT_3D('',#1785,#1442,#1443);
#1267=AXIS2_PLACEMENT_3D('',#1789,#1446,#1447);
#1268=AXIS2_PLACEMENT_3D('',#1798,#1452,#1453);
#1269=AXIS2_PLACEMENT_3D('',#1807,#1458,#1459);
#1270=AXIS2_PLACEMENT_3D('',#1815,#1465,#1466);
#1271=AXIS2_PLACEMENT_3D('',#1819,#1469,#1470);
#1272=AXIS2_PLACEMENT_3D('',#1823,#1472,#1473);
#1273=AXIS2_PLACEMENT_3D('',#1825,#1475,#1476);
#1274=AXIS2_PLACEMENT_3D('',#1833,#1480,#1481);
#1275=AXIS2_PLACEMENT_3D('',#1846,#1488,#1489);
#1276=AXIS2_PLACEMENT_3D('',#1848,#1490,#1491);
#1277=AXIS2_PLACEMENT_3D('',#1850,#1492,#1493);
#1278=AXIS2_PLACEMENT_3D('',#1852,#1494,#1495);
#1279=AXIS2_PLACEMENT_3D('',#1853,#1496,#1497);
#1280=AXIS2_PLACEMENT_3D('',#1862,#1502,#1503);
#1281=AXIS2_PLACEMENT_3D('',#1864,#1505,#1506);
#1282=AXIS2_PLACEMENT_3D('',#1873,#1513,#1514);
#1283=AXIS2_PLACEMENT_3D('',#1876,#1517,#1518);
#1284=AXIS2_PLACEMENT_3D('',#1878,#1520,#1521);
#1285=AXIS2_PLACEMENT_3D('',#1880,#1523,#1524);
#1286=AXIS2_PLACEMENT_3D('',#1881,#1525,#1526);
#1287=AXIS2_PLACEMENT_3D('',#1883,#1527,#1528);
#1288=AXIS2_PLACEMENT_3D('',#1887,#1530,#1531);
#1289=AXIS2_PLACEMENT_3D('',#1892,#1534,#1535);
#1290=AXIS2_PLACEMENT_3D('',#1896,#1537,#1538);
#1291=AXIS2_PLACEMENT_3D('',#1899,#1540,#1541);
#1292=AXIS2_PLACEMENT_3D('',#1900,#1542,#1543);
#1293=AXIS2_PLACEMENT_3D('',#1901,#1544,#1545);
#1294=AXIS2_PLACEMENT_3D('',#1944,#1546,#1547);
#1295=AXIS2_PLACEMENT_3D('',#1945,#1548,#1549);
#1296=AXIS2_PLACEMENT_3D('',#1947,#1550,#1551);
#1297=AXIS2_PLACEMENT_3D('',#1952,#1554,#1555);
#1298=AXIS2_PLACEMENT_3D('',#1956,#1557,#1558);
#1299=AXIS2_PLACEMENT_3D('',#1960,#1560,#1561);
#1300=AXIS2_PLACEMENT_3D('',#1962,#1563,#1564);
#1301=AXIS2_PLACEMENT_3D('',#1963,#1565,#1566);
#1302=AXIS2_PLACEMENT_3D('',#1965,#1567,#1568);
#1303=AXIS2_PLACEMENT_3D('',#1968,#1570,#1571);
#1304=AXIS2_PLACEMENT_3D('',#1969,#1572,#1573);
#1305=AXIS2_PLACEMENT_3D('',#1971,#1574,#1575);
#1306=AXIS2_PLACEMENT_3D('',#1973,#1577,#1578);
#1307=AXIS2_PLACEMENT_3D('',#1974,#1579,#1580);
#1308=AXIS2_PLACEMENT_3D('',#2017,#1581,#1582);
#1309=AXIS2_PLACEMENT_3D('',#2018,#1583,#1584);
#1310=AXIS2_PLACEMENT_3D('',#2020,#1585,#1586);
#1311=AXIS2_PLACEMENT_3D('',#2023,#1588,#1589);
#1312=AXIS2_PLACEMENT_3D('',#2024,#1590,#1591);
#1313=AXIS2_PLACEMENT_3D('',#2026,#1592,#1593);
#1314=AXIS2_PLACEMENT_3D('',#2028,#1595,#1596);
#1315=AXIS2_PLACEMENT_3D('',#2029,#1597,#1598);
#1316=AXIS2_PLACEMENT_3D('',#2133,#1600,#1601);
#1317=AXIS2_PLACEMENT_3D('',#2134,#1602,#1603);
#1318=AXIS2_PLACEMENT_3D('',#2257,#1605,#1606);
#1319=AXIS2_PLACEMENT_3D('',#2258,#1607,#1608);
#1320=AXIS2_PLACEMENT_3D('',#2381,#1610,#1611);
#1321=AXIS2_PLACEMENT_3D('',#2382,#1612,#1613);
#1322=AXIS2_PLACEMENT_3D('',#2383,#1614,#1615);
#1323=AXIS2_PLACEMENT_3D('',#2386,#1618,#1619);
#1324=AXIS2_PLACEMENT_3D('',#2387,#1620,#1621);
#1325=AXIS2_PLACEMENT_3D('',#2388,#1622,#1623);
#1326=AXIS2_PLACEMENT_3D('',#2389,#1624,#1625);
#1327=AXIS2_PLACEMENT_3D('',#2390,#1626,#1627);
#1328=AXIS2_PLACEMENT_3D('',#2392,#1629,#1630);
#1329=AXIS2_PLACEMENT_3D('',#2394,#1632,#1633);
#1330=AXIS2_PLACEMENT_3D('',#2396,#1635,#1636);
#1331=AXIS2_PLACEMENT_3D('',#2398,#1638,#1639);
#1332=AXIS2_PLACEMENT_3D('',#2399,#1640,#1641);
#1333=AXIS2_PLACEMENT_3D('',#2401,#1643,#1644);
#1334=AXIS2_PLACEMENT_3D('',#2403,#1646,#1647);
#1335=AXIS2_PLACEMENT_3D('',#2404,#1648,#1649);
#1336=AXIS2_PLACEMENT_3D('',#2405,#1650,#1651);
#1337=AXIS2_PLACEMENT_3D('',#2406,#1652,#1653);
#1338=AXIS2_PLACEMENT_3D('',#2407,#1654,#1655);
#1339=DIRECTION('axis',(0.,0.,1.));
#1340=DIRECTION('refdir',(1.,0.,0.));
#1341=DIRECTION('axis',(0.,0.,1.));
#1342=DIRECTION('refdir',(1.,0.,0.));
#1343=DIRECTION('axis',(0.,0.,1.));
#1344=DIRECTION('refdir',(1.,0.,0.));
#1345=DIRECTION('center_axis',(2.71050543121376E-20,0.,1.));
#1346=DIRECTION('ref_axis',(-1.,0.,2.71050543121376E-20));
#1347=DIRECTION('',(0.,-1.,0.));
#1348=DIRECTION('',(-1.,0.,2.71050543121376E-20));
#1349=DIRECTION('',(0.,1.,0.));
#1350=DIRECTION('',(1.,0.,-2.71050543121376E-20));
#1351=DIRECTION('center_axis',(0.,-1.,0.));
#1352=DIRECTION('ref_axis',(0.,0.,-1.));
#1353=DIRECTION('',(0.,0.,1.));
#1354=DIRECTION('',(1.,0.,7.93016446160826E-17));
#1355=DIRECTION('',(0.,0.,-1.));
#1356=DIRECTION('',(1.,0.,0.));
#1357=DIRECTION('',(0.,0.,1.));
#1358=DIRECTION('',(-1.,0.,0.));
#1359=DIRECTION('',(0.,0.,-1.));
#1360=DIRECTION('center_axis',(1.,0.,0.));
#1361=DIRECTION('ref_axis',(0.,0.,1.));
#1362=DIRECTION('',(0.,0.,1.));
#1363=DIRECTION('',(0.,-1.,0.));
#1364=DIRECTION('center_axis',(-1.,0.,0.));
#1365=DIRECTION('ref_axis',(0.,0.,-1.));
#1366=DIRECTION('',(0.,-1.,0.));
#1367=DIRECTION('',(0.,0.,1.));
#1368=DIRECTION('center_axis',(0.,0.,1.));
#1369=DIRECTION('ref_axis',(-1.,0.,0.));
#1370=DIRECTION('',(1.,0.,0.));
#1371=DIRECTION('',(0.,-1.,0.));
#1372=DIRECTION('center_axis',(1.,0.,0.));
#1373=DIRECTION('ref_axis',(0.,0.,1.));
#1374=DIRECTION('',(0.,0.,-1.));
#1375=DIRECTION('',(0.,-1.,0.));
#1376=DIRECTION('center_axis',(0.,0.,-1.));
#1377=DIRECTION('ref_axis',(1.,0.,0.));
#1378=DIRECTION('',(-1.,0.,0.));
#1379=DIRECTION('',(0.,-1.,0.));
#1380=DIRECTION('center_axis',(-1.,0.,0.));
#1381=DIRECTION('ref_axis',(0.,0.,-1.));
#1382=DIRECTION('',(0.,0.,-1.));
#1383=DIRECTION('',(0.,-1.,0.));
#1384=DIRECTION('center_axis',(7.93016446160826E-17,0.,-1.));
#1385=DIRECTION('ref_axis',(1.,0.,7.93016446160826E-17));
#1386=DIRECTION('',(1.,0.,7.93016446160826E-17));
#1387=DIRECTION('center_axis',(0.,-1.,0.));
#1388=DIRECTION('ref_axis',(1.,0.,0.));
#1389=DIRECTION('axis',(0.,0.,1.));
#1390=DIRECTION('refdir',(1.,0.,0.));
#1391=DIRECTION('center_axis',(2.71050543121376E-20,0.,1.));
#1392=DIRECTION('ref_axis',(-1.,0.,2.71050543121376E-20));
#1393=DIRECTION('',(0.,-1.,0.));
#1394=DIRECTION('',(-1.,0.,2.71050543121376E-20));
#1395=DIRECTION('',(0.,-1.,0.));
#1396=DIRECTION('',(1.,0.,-2.71050543121376E-20));
#1397=DIRECTION('center_axis',(-1.,0.,2.71050543121376E-20));
#1398=DIRECTION('ref_axis',(-2.71050543121376E-20,0.,-1.));
#1399=DIRECTION('',(2.71050543121376E-20,0.,1.));
#1400=DIRECTION('',(0.,1.,0.));
#1401=DIRECTION('',(-2.71050543121376E-20,0.,-1.));
#1402=DIRECTION('',(0.,-1.,0.));
#1403=DIRECTION('center_axis',(2.71050543121376E-20,0.,1.));
#1404=DIRECTION('ref_axis',(-1.,0.,2.71050543121376E-20));
#1405=DIRECTION('',(0.,1.,0.));
#1406=DIRECTION('',(1.,0.,-2.71050543121376E-20));
#1407=DIRECTION('',(-1.,0.,2.71050543121376E-20));
#1408=DIRECTION('center_axis',(1.,0.,-2.71050543121376E-20));
#1409=DIRECTION('ref_axis',(2.71050543121376E-20,0.,1.));
#1410=DIRECTION('',(-2.71050543121376E-20,0.,-1.));
#1411=DIRECTION('',(2.71050543121376E-20,0.,1.));
#1412=DIRECTION('',(0.,-1.,0.));
#1413=DIRECTION('center_axis',(-2.71050543121376E-20,0.,-1.));
#1414=DIRECTION('ref_axis',(1.,0.,-2.71050543121376E-20));
#1415=DIRECTION('',(-1.,0.,2.71050543121376E-20));
#1416=DIRECTION('',(1.,0.,-2.71050543121376E-20));
#1417=DIRECTION('center_axis',(0.,-1.,0.));
#1418=DIRECTION('ref_axis',(1.,0.,0.));
#1419=DIRECTION('',(1.,0.,0.));
#1420=DIRECTION('',(0.,0.,1.));
#1421=DIRECTION('',(-1.,0.,0.));
#1422=DIRECTION('center_axis',(0.,-1.,0.));
#1423=DIRECTION('ref_axis',(1.,0.,0.));
#1424=DIRECTION('',(0.,0.,1.));
#1425=DIRECTION('',(1.,0.,0.));
#1426=DIRECTION('',(0.,0.,1.));
#1427=DIRECTION('center_axis',(0.,-1.,0.));
#1428=DIRECTION('ref_axis',(-0.707106781186547,0.,0.707106781186547));
#1429=DIRECTION('',(-1.,0.,0.));
#1430=DIRECTION('',(0.,0.,-1.));
#1431=DIRECTION('',(0.,0.,1.));
#1432=DIRECTION('',(-1.,0.,0.));
#1433=DIRECTION('',(0.,0.,-1.));
#1434=DIRECTION('',(1.,0.,0.));
#1435=DIRECTION('',(0.,0.,-1.));
#1436=DIRECTION('',(-1.,0.,-7.93016446160826E-17));
#1437=DIRECTION('',(0.,0.,1.));
#1438=DIRECTION('',(-1.,0.,0.));
#1439=DIRECTION('',(0.,0.,-1.));
#1440=DIRECTION('',(1.,0.,0.));
#1441=DIRECTION('',(0.,0.,1.));
#1442=DIRECTION('center_axis',(-1.,0.,0.));
#1443=DIRECTION('ref_axis',(0.,0.,-1.));
#1444=DIRECTION('',(0.,0.,-1.));
#1445=DIRECTION('',(0.,-1.,0.));
#1446=DIRECTION('center_axis',(0.,1.,0.));
#1447=DIRECTION('ref_axis',(1.,0.,0.));
#1448=DIRECTION('',(1.,0.,0.));
#1449=DIRECTION('',(0.,0.,-1.));
#1450=DIRECTION('',(-1.,0.,0.));
#1451=DIRECTION('',(0.,0.,-1.));
#1452=DIRECTION('center_axis',(0.,1.,0.));
#1453=DIRECTION('ref_axis',(1.,0.,1.20370621524202E-34));
#1454=DIRECTION('',(1.,0.,0.));
#1455=DIRECTION('',(0.,0.,1.));
#1456=DIRECTION('',(-1.,0.,0.));
#1457=DIRECTION('',(0.,0.,-1.));
#1458=DIRECTION('center_axis',(0.,0.,-1.));
#1459=DIRECTION('ref_axis',(-1.,0.,0.));
#1460=DIRECTION('',(0.,-1.,0.));
#1461=DIRECTION('',(0.,1.,0.));
#1462=DIRECTION('',(0.,1.,0.));
#1463=DIRECTION('',(1.,0.,0.));
#1464=DIRECTION('',(0.,-1.,0.));
#1465=DIRECTION('center_axis',(1.,0.,0.));
#1466=DIRECTION('ref_axis',(0.,0.,1.));
#1467=DIRECTION('',(0.,-1.,0.));
#1468=DIRECTION('',(0.,0.,1.));
#1469=DIRECTION('center_axis',(0.,1.,0.));
#1470=DIRECTION('ref_axis',(-0.707106781186547,0.,0.707106781186547));
#1471=DIRECTION('',(0.,-1.,0.));
#1472=DIRECTION('center_axis',(0.,1.,0.));
#1473=DIRECTION('ref_axis',(-0.707106781186547,0.,0.707106781186547));
#1474=DIRECTION('',(0.,1.,0.));
#1475=DIRECTION('center_axis',(0.,-1.,0.));
#1476=DIRECTION('ref_axis',(1.,0.,0.));
#1477=DIRECTION('',(0.,0.,1.));
#1478=DIRECTION('',(1.,0.,0.));
#1479=DIRECTION('',(0.,0.,1.));
#1480=DIRECTION('center_axis',(0.,-1.,0.));
#1481=DIRECTION('ref_axis',(1.,0.,0.));
#1482=DIRECTION('',(-1.,0.,0.));
#1483=DIRECTION('',(1.,0.,0.));
#1484=DIRECTION('',(0.,0.,-1.));
#1485=DIRECTION('',(-1.,0.,0.));
#1486=DIRECTION('',(0.,0.,1.));
#1487=DIRECTION('',(-1.,0.,-7.93016446160826E-17));
#1488=DIRECTION('center_axis',(0.,1.,0.));
#1489=DIRECTION('ref_axis',(1.,0.,0.));
#1490=DIRECTION('center_axis',(0.,1.,0.));
#1491=DIRECTION('ref_axis',(1.,0.,0.));
#1492=DIRECTION('center_axis',(0.,1.,0.));
#1493=DIRECTION('ref_axis',(1.,0.,0.));
#1494=DIRECTION('center_axis',(0.,1.,0.));
#1495=DIRECTION('ref_axis',(1.,0.,0.));
#1496=DIRECTION('center_axis',(0.,1.,0.));
#1497=DIRECTION('ref_axis',(1.,0.,0.));
#1498=DIRECTION('',(0.,0.,-1.));
#1499=DIRECTION('',(-1.,0.,0.));
#1500=DIRECTION('',(0.,0.,1.));
#1501=DIRECTION('',(1.,0.,0.));
#1502=DIRECTION('center_axis',(-1.,0.,0.));
#1503=DIRECTION('ref_axis',(0.,0.,-1.));
#1504=DIRECTION('',(0.,-1.,0.));
#1505=DIRECTION('center_axis',(0.,0.,1.));
#1506=DIRECTION('ref_axis',(-1.,0.,0.));
#1507=DIRECTION('',(0.,1.,0.));
#1508=DIRECTION('',(-1.,0.,0.));
#1509=DIRECTION('',(0.,1.,0.));
#1510=DIRECTION('',(0.,-1.,0.));
#1511=DIRECTION('',(0.,-1.,0.));
#1512=DIRECTION('',(0.,1.,0.));
#1513=DIRECTION('center_axis',(1.,0.,0.));
#1514=DIRECTION('ref_axis',(0.,0.,-1.));
#1515=DIRECTION('',(0.,1.,0.));
#1516=DIRECTION('',(0.,1.,0.));
#1517=DIRECTION('center_axis',(0.,0.,1.));
#1518=DIRECTION('ref_axis',(1.,0.,0.));
#1519=DIRECTION('',(0.,1.,0.));
#1520=DIRECTION('center_axis',(-1.,0.,0.));
#1521=DIRECTION('ref_axis',(0.,0.,1.));
#1522=DIRECTION('',(0.,1.,0.));
#1523=DIRECTION('center_axis',(0.,0.,-1.));
#1524=DIRECTION('ref_axis',(-1.,0.,0.));
#1525=DIRECTION('center_axis',(0.,-1.,0.));
#1526=DIRECTION('ref_axis',(1.,0.,0.));
#1527=DIRECTION('center_axis',(0.,-1.,0.));
#1528=DIRECTION('ref_axis',(1.,0.,0.));
#1529=DIRECTION('',(0.,1.,0.));
#1530=DIRECTION('center_axis',(0.,1.,0.));
#1531=DIRECTION('ref_axis',(1.,0.,0.));
#1532=DIRECTION('',(0.,-1.,0.));
#1533=DIRECTION('',(0.,-1.,0.));
#1534=DIRECTION('center_axis',(0.,1.,0.));
#1535=DIRECTION('ref_axis',(1.,0.,0.));
#1536=DIRECTION('',(0.,-1.,0.));
#1537=DIRECTION('center_axis',(0.,1.,0.));
#1538=DIRECTION('ref_axis',(1.,0.,0.));
#1539=DIRECTION('',(0.,-1.,0.));
#1540=DIRECTION('center_axis',(0.,1.,0.));
#1541=DIRECTION('ref_axis',(1.,0.,0.));
#1542=DIRECTION('center_axis',(0.,-1.,0.));
#1543=DIRECTION('ref_axis',(1.,0.,0.));
#1544=DIRECTION('center_axis',(0.,-1.,0.));
#1545=DIRECTION('ref_axis',(1.,0.,0.));
#1546=DIRECTION('center_axis',(0.,1.,0.));
#1547=DIRECTION('ref_axis',(1.,0.,0.));
#1548=DIRECTION('center_axis',(0.,-1.,0.));
#1549=DIRECTION('ref_axis',(1.,0.,0.));
#1550=DIRECTION('center_axis',(0.,-1.,0.));
#1551=DIRECTION('ref_axis',(1.,0.,0.));
#1552=DIRECTION('',(0.,1.,0.));
#1553=DIRECTION('',(0.,-1.,0.));
#1554=DIRECTION('center_axis',(0.,1.,0.));
#1555=DIRECTION('ref_axis',(1.,0.,0.));
#1556=DIRECTION('',(0.,-1.,0.));
#1557=DIRECTION('center_axis',(0.,1.,0.));
#1558=DIRECTION('ref_axis',(1.,0.,0.));
#1559=DIRECTION('',(0.,-1.,0.));
#1560=DIRECTION('center_axis',(0.,1.,0.));
#1561=DIRECTION('ref_axis',(1.,0.,0.));
#1562=DIRECTION('',(0.,-1.,0.));
#1563=DIRECTION('center_axis',(0.,-1.,0.));
#1564=DIRECTION('ref_axis',(1.,0.,0.));
#1565=DIRECTION('center_axis',(0.,-1.,0.));
#1566=DIRECTION('ref_axis',(1.,0.,0.));
#1567=DIRECTION('center_axis',(0.,1.,0.));
#1568=DIRECTION('ref_axis',(1.,0.,0.));
#1569=DIRECTION('',(0.,1.,0.));
#1570=DIRECTION('center_axis',(0.,-1.,0.));
#1571=DIRECTION('ref_axis',(1.,0.,0.));
#1572=DIRECTION('center_axis',(0.,-1.,0.));
#1573=DIRECTION('ref_axis',(1.,0.,0.));
#1574=DIRECTION('center_axis',(0.,-1.,0.));
#1575=DIRECTION('ref_axis',(1.,0.,0.));
#1576=DIRECTION('',(0.,1.,0.));
#1577=DIRECTION('center_axis',(0.,-1.,0.));
#1578=DIRECTION('ref_axis',(1.,0.,0.));
#1579=DIRECTION('center_axis',(0.,-1.,0.));
#1580=DIRECTION('ref_axis',(1.,0.,0.));
#1581=DIRECTION('center_axis',(0.,1.,0.));
#1582=DIRECTION('ref_axis',(1.,0.,0.));
#1583=DIRECTION('center_axis',(0.,-1.,0.));
#1584=DIRECTION('ref_axis',(1.,0.,0.));
#1585=DIRECTION('center_axis',(0.,1.,0.));
#1586=DIRECTION('ref_axis',(1.,0.,0.));
#1587=DIRECTION('',(0.,1.,0.));
#1588=DIRECTION('center_axis',(0.,-1.,0.));
#1589=DIRECTION('ref_axis',(1.,0.,0.));
#1590=DIRECTION('center_axis',(0.,-1.,0.));
#1591=DIRECTION('ref_axis',(1.,0.,0.));
#1592=DIRECTION('center_axis',(0.,-1.,0.));
#1593=DIRECTION('ref_axis',(1.,0.,0.));
#1594=DIRECTION('',(0.,1.,0.));
#1595=DIRECTION('center_axis',(0.,-1.,0.));
#1596=DIRECTION('ref_axis',(1.,0.,0.));
#1597=DIRECTION('center_axis',(0.,-1.,0.));
#1598=DIRECTION('ref_axis',(1.,0.,0.));
#1599=DIRECTION('',(0.,-1.,0.));
#1600=DIRECTION('center_axis',(0.,-1.,0.));
#1601=DIRECTION('ref_axis',(1.,0.,0.));
#1602=DIRECTION('center_axis',(0.,-1.,0.));
#1603=DIRECTION('ref_axis',(1.,0.,0.));
#1604=DIRECTION('',(0.,-1.,0.));
#1605=DIRECTION('center_axis',(0.,-1.,0.));
#1606=DIRECTION('ref_axis',(6.12323399573677E-17,0.,1.));
#1607=DIRECTION('center_axis',(0.,-1.,0.));
#1608=DIRECTION('ref_axis',(1.,0.,0.));
#1609=DIRECTION('',(0.,-1.,0.));
#1610=DIRECTION('center_axis',(0.,-1.,0.));
#1611=DIRECTION('ref_axis',(1.,0.,0.));
#1612=DIRECTION('center_axis',(0.,-1.,0.));
#1613=DIRECTION('ref_axis',(1.,0.,0.));
#1614=DIRECTION('center_axis',(0.,1.,0.));
#1615=DIRECTION('ref_axis',(1.,0.,0.));
#1616=DIRECTION('',(0.,0.,-1.));
#1617=DIRECTION('',(0.,0.,-1.));
#1618=DIRECTION('center_axis',(1.,0.,0.));
#1619=DIRECTION('ref_axis',(0.,-1.,0.));
#1620=DIRECTION('center_axis',(1.,0.,0.));
#1621=DIRECTION('ref_axis',(0.,-1.,0.));
#1622=DIRECTION('center_axis',(-1.,0.,0.));
#1623=DIRECTION('ref_axis',(0.,1.,0.));
#1624=DIRECTION('center_axis',(-1.,0.,0.));
#1625=DIRECTION('ref_axis',(0.,1.,0.));
#1626=DIRECTION('center_axis',(-7.93016446160826E-17,0.,1.));
#1627=DIRECTION('ref_axis',(-1.,0.,-7.93016446160826E-17));
#1628=DIRECTION('',(0.,-1.,0.));
#1629=DIRECTION('center_axis',(1.,0.,0.));
#1630=DIRECTION('ref_axis',(0.,0.,1.));
#1631=DIRECTION('',(0.,-1.,0.));
#1632=DIRECTION('center_axis',(0.,0.,1.));
#1633=DIRECTION('ref_axis',(-1.,0.,0.));
#1634=DIRECTION('',(0.,-1.,0.));
#1635=DIRECTION('center_axis',(-1.,0.,0.));
#1636=DIRECTION('ref_axis',(0.,0.,-1.));
#1637=DIRECTION('',(0.,-1.,0.));
#1638=DIRECTION('center_axis',(0.,0.,-1.));
#1639=DIRECTION('ref_axis',(1.,0.,0.));
#1640=DIRECTION('center_axis',(0.,0.,-1.));
#1641=DIRECTION('ref_axis',(1.,0.,0.));
#1642=DIRECTION('',(0.,-1.,0.));
#1643=DIRECTION('center_axis',(0.,-1.,0.));
#1644=DIRECTION('ref_axis',(1.,0.,0.));
#1645=DIRECTION('',(0.,-1.,0.));
#1646=DIRECTION('center_axis',(1.,0.,0.));
#1647=DIRECTION('ref_axis',(0.,0.,1.));
#1648=DIRECTION('center_axis',(0.,-1.,0.));
#1649=DIRECTION('ref_axis',(1.,0.,0.));
#1650=DIRECTION('',(-1.37446476790334E-18,4.37407465734436E-19,1.));
#1651=DIRECTION('',(9.02056207507939E-16,1.,-8.67361737988404E-19));
#1652=DIRECTION('',(-2.71050543121376E-20,0.,1.));
#1653=DIRECTION('',(1.,0.,2.71050543121376E-20));
#1654=DIRECTION('',(-2.71050543121376E-20,0.,1.));
#1655=DIRECTION('',(1.,0.,2.71050543121376E-20));
#1656=CARTESIAN_POINT('',(0.,0.,0.));
#1657=CARTESIAN_POINT('',(0.,0.,0.));
#1658=CARTESIAN_POINT('',(0.,0.,0.));
#1659=CARTESIAN_POINT('Origin',(-19.9999984353781,-62.,-15.0000002235174));
#1660=CARTESIAN_POINT('',(-30.1270422478792,-60.,-15.0000002235174));
#1661=CARTESIAN_POINT('',(-30.1270422478792,-64.,-15.0000002235174));
#1662=CARTESIAN_POINT('',(-30.1270422478792,-61.,-15.0000002235174));
#1663=CARTESIAN_POINT('',(-28.1270422478792,-60.,-15.0000002235174));
#1664=CARTESIAN_POINT('',(-10.0635203416287,-60.,-15.0000002235174));
#1665=CARTESIAN_POINT('',(-28.1270422478792,-64.,-15.0000002235174));
#1666=CARTESIAN_POINT('',(-28.1270422478792,-61.,-15.0000002235174));
#1667=CARTESIAN_POINT('',(-10.0635203416287,-64.,-15.0000002235174));
#1668=CARTESIAN_POINT('Origin',(-0.127042247879219,-64.,0.478349510777518));
#1669=CARTESIAN_POINT('',(-28.1270422478792,-64.,17.4783495107775));
#1670=CARTESIAN_POINT('',(-28.1270422478792,-64.,-18.5216504892225));
#1671=CARTESIAN_POINT('',(27.8729577521208,-64.,17.4783495107775));
#1672=CARTESIAN_POINT('',(-28.1270422478792,-64.,17.4783495107775));
#1673=CARTESIAN_POINT('',(27.8729577521208,-64.,-18.5216504892225));
#1674=CARTESIAN_POINT('',(27.8729577521208,-64.,17.4783495107775));
#1675=CARTESIAN_POINT('',(29.8729577521208,-64.,-18.5216504892225));
#1676=CARTESIAN_POINT('',(29.8729577521208,-64.,-18.5216504892225));
#1677=CARTESIAN_POINT('',(29.8729577521208,-64.,19.4783495107775));
#1678=CARTESIAN_POINT('',(29.8729577521208,-64.,19.4783495107775));
#1679=CARTESIAN_POINT('',(-30.1270422478792,-64.,19.4783495107775));
#1680=CARTESIAN_POINT('',(-30.1270422478792,-64.,19.4783495107775));
#1681=CARTESIAN_POINT('',(-30.1270422478792,-64.,-20.5216504892225));
#1682=CARTESIAN_POINT('Origin',(-28.1270422478792,-60.,-18.5216504892225));
#1683=CARTESIAN_POINT('',(-28.1270422478792,-60.,17.4783495107775));
#1684=CARTESIAN_POINT('',(-28.1270422478792,-60.,-18.5216504892225));
#1685=CARTESIAN_POINT('',(-28.1270422478792,-60.,17.4783495107775));
#1686=CARTESIAN_POINT('Origin',(-30.1270422478792,-60.,19.4783495107775));
#1687=CARTESIAN_POINT('',(-30.1270422478792,-60.,19.4783495107775));
#1688=CARTESIAN_POINT('',(-30.1270422478792,-60.,19.4783495107775));
#1689=CARTESIAN_POINT('',(-30.1270422478792,-60.,-20.5216504892225));
#1690=CARTESIAN_POINT('Origin',(29.8729577521208,-60.,19.4783495107775));
#1691=CARTESIAN_POINT('',(29.8729577521208,-60.,19.4783495107775));
#1692=CARTESIAN_POINT('',(-30.1270422478792,-60.,19.4783495107775));
#1693=CARTESIAN_POINT('',(29.8729577521208,-60.,19.4783495107775));
#1694=CARTESIAN_POINT('Origin',(29.8729577521208,-60.,-18.5216504892225));
#1695=CARTESIAN_POINT('',(29.8729577521208,-60.,-18.5216504892225));
#1696=CARTESIAN_POINT('',(29.8729577521208,-60.,19.4783495107775));
#1697=CARTESIAN_POINT('',(29.8729577521208,-60.,-18.5216504892225));
#1698=CARTESIAN_POINT('Origin',(27.8729577521208,-60.,-18.5216504892225));
#1699=CARTESIAN_POINT('',(27.8729577521208,-60.,-18.5216504892225));
#1700=CARTESIAN_POINT('',(29.8729577521208,-60.,-18.5216504892225));
#1701=CARTESIAN_POINT('',(27.8729577521208,-60.,-18.5216504892225));
#1702=CARTESIAN_POINT('Origin',(27.8729577521208,-60.,17.4783495107775));
#1703=CARTESIAN_POINT('',(27.8729577521208,-60.,17.4783495107775));
#1704=CARTESIAN_POINT('',(27.8729577521208,-60.,17.4783495107775));
#1705=CARTESIAN_POINT('',(27.8729577521208,-60.,17.4783495107775));
#1706=CARTESIAN_POINT('Origin',(-28.1270422478792,-60.,17.4783495107775));
#1707=CARTESIAN_POINT('',(-28.1270422478792,-60.,17.4783495107775));
#1708=CARTESIAN_POINT('Origin',(-0.127042247879219,-60.,0.478349510777518));
#1709=CARTESIAN_POINT('',(0.,0.,0.));
#1710=CARTESIAN_POINT('Origin',(-19.9999984353781,-62.,-15.0000002235174));
#1711=CARTESIAN_POINT('',(-28.1270422478792,-60.,-15.0000002235174));
#1712=CARTESIAN_POINT('',(-28.1270422478792,-62.,-15.0000002235174));
#1713=CARTESIAN_POINT('',(-28.1270422478792,-61.,-15.0000002235174));
#1714=CARTESIAN_POINT('',(-19.9999984353781,-60.,-15.0000002235174));
#1715=CARTESIAN_POINT('',(-10.0635203416287,-60.,-15.0000002235174));
#1716=CARTESIAN_POINT('',(-19.9999984353781,-62.,-15.0000002235174));
#1717=CARTESIAN_POINT('',(-19.9999984353781,-62.,-15.0000002235174));
#1718=CARTESIAN_POINT('',(-10.0635203416287,-62.,-15.0000002235174));
#1719=CARTESIAN_POINT('Origin',(-32.9999986290932,-62.,-15.0000002235174));
#1720=CARTESIAN_POINT('',(-32.9999986290932,-62.,-21.0000003129244));
#1721=CARTESIAN_POINT('',(-32.9999986290932,-62.,-15.0000002235174));
#1722=CARTESIAN_POINT('',(-32.9999986290932,-62.,-7.76082535636995));
#1723=CARTESIAN_POINT('',(-32.9999986290932,-60.,-21.0000003129244));
#1724=CARTESIAN_POINT('',(-32.9999986290932,-62.,-21.0000003129244));
#1725=CARTESIAN_POINT('',(-32.9999986290932,-60.,-15.0000002235174));
#1726=CARTESIAN_POINT('',(-32.9999986290932,-60.,-7.76082535636995));
#1727=CARTESIAN_POINT('',(-32.9999986290932,-62.,-15.0000002235174));
#1728=CARTESIAN_POINT('Origin',(-19.9999984353781,-62.,-15.0000002235174));
#1729=CARTESIAN_POINT('',(-30.1270422478792,-62.,-15.0000002235174));
#1730=CARTESIAN_POINT('',(-30.1270422478792,-60.,-15.0000002235174));
#1731=CARTESIAN_POINT('',(-30.1270422478792,-61.,-15.0000002235174));
#1732=CARTESIAN_POINT('',(-10.0635203416287,-62.,-15.0000002235174));
#1733=CARTESIAN_POINT('',(-10.0635203416287,-60.,-15.0000002235174));
#1734=CARTESIAN_POINT('Origin',(-19.9999984353781,-62.,-21.0000003129244));
#1735=CARTESIAN_POINT('',(-19.9999984353781,-62.,-21.0000003129244));
#1736=CARTESIAN_POINT('',(-19.9999984353781,-62.,-10.7608254010734));
#1737=CARTESIAN_POINT('',(-19.9999984353781,-60.,-21.0000003129244));
#1738=CARTESIAN_POINT('',(-19.9999984353781,-60.,-10.7608254010734));
#1739=CARTESIAN_POINT('',(-19.9999984353781,-62.,-21.0000003129244));
#1740=CARTESIAN_POINT('Origin',(-32.9999986290932,-62.,-21.0000003129244));
#1741=CARTESIAN_POINT('',(-16.5635204384862,-62.,-21.0000003129244));
#1742=CARTESIAN_POINT('',(-16.5635204384862,-60.,-21.0000003129244));
#1743=CARTESIAN_POINT('Origin',(-0.127042247879219,-60.,-0.52165048922248));
#1744=CARTESIAN_POINT('',(-17.5000002607703,-60.0000008940697,20.9783495107775));
#1745=CARTESIAN_POINT('',(18.0000002682209,-60.0000008940697,20.9783495107775));
#1746=CARTESIAN_POINT('',(-0.813521135115507,-60.,20.9783495107775));
#1747=CARTESIAN_POINT('',(18.0000002682209,-60.0000008940697,24.4783495107775));
#1748=CARTESIAN_POINT('',(18.0000002682209,-60.,11.9783495107775));
#1749=CARTESIAN_POINT('',(29.8729577521208,-60.,24.4783495107775));
#1750=CARTESIAN_POINT('',(29.8729577521208,-60.,24.4783495107775));
#1751=CARTESIAN_POINT('',(34.8729577521208,-60.,19.4783495107775));
#1752=CARTESIAN_POINT('Origin',(29.8729577521208,-60.,19.4783495107775));
#1753=CARTESIAN_POINT('',(34.8729577521208,-60.,-25.5216504892225));
#1754=CARTESIAN_POINT('',(34.8729577521208,-60.,-25.5216504892225));
#1755=CARTESIAN_POINT('',(-75.1270422478792,-60.,-25.5216504892225));
#1756=CARTESIAN_POINT('',(-35.1270422478792,-60.,-25.5216504892225));
#1757=CARTESIAN_POINT('',(-75.1270422478792,-60.,19.4783495107775));
#1758=CARTESIAN_POINT('',(-75.1270422478792,-60.,9.47834951077752));
#1759=CARTESIAN_POINT('',(-70.1270422478792,-60.,24.4783495107775));
#1760=CARTESIAN_POINT('Origin',(-70.1270422478792,-60.,19.4783495107775));
#1761=CARTESIAN_POINT('',(-17.5000002607703,-60.0000008940697,24.4783495107775));
#1762=CARTESIAN_POINT('',(29.8729577521208,-60.,24.4783495107775));
#1763=CARTESIAN_POINT('',(-17.5000002607703,-60.,11.9783495107775));
#1764=CARTESIAN_POINT('',(6.00000008940697,-60.,-21.0000003129244));
#1765=CARTESIAN_POINT('',(6.00000008940697,-60.,-15.0000002235174));
#1766=CARTESIAN_POINT('',(6.00000008940697,-60.,-7.76082535636995));
#1767=CARTESIAN_POINT('',(-6.50000009685755,-60.,-15.0000002235174));
#1768=CARTESIAN_POINT('',(-3.31352117236838,-60.,-15.0000002235174));
#1769=CARTESIAN_POINT('',(-6.50000009685755,-60.,-21.0000003129244));
#1770=CARTESIAN_POINT('',(-6.50000009685755,-60.,-10.7608254010734));
#1771=CARTESIAN_POINT('',(2.93647892076387,-60.,-21.0000003129244));
#1772=CARTESIAN_POINT('',(-28.1270422478792,-60.,17.4783495107775));
#1773=CARTESIAN_POINT('',(-28.1270422478792,-60.,-18.5216504892225));
#1774=CARTESIAN_POINT('',(27.8729577521208,-60.,17.4783495107775));
#1775=CARTESIAN_POINT('',(-28.1270422478792,-60.,17.4783495107775));
#1776=CARTESIAN_POINT('',(27.8729577521208,-60.,-18.5216504892225));
#1777=CARTESIAN_POINT('',(27.8729577521208,-60.,17.4783495107775));
#1778=CARTESIAN_POINT('',(29.8729577521208,-60.,-18.5216504892225));
#1779=CARTESIAN_POINT('',(29.8729577521208,-60.,-18.5216504892225));
#1780=CARTESIAN_POINT('',(29.8729577521208,-60.,19.4783495107775));
#1781=CARTESIAN_POINT('',(29.8729577521208,-60.,19.4783495107775));
#1782=CARTESIAN_POINT('',(-30.1270422478792,-60.,19.4783495107775));
#1783=CARTESIAN_POINT('',(-30.1270422478792,-60.,19.4783495107775));
#1784=CARTESIAN_POINT('',(-30.1270422478792,-60.,-20.5216504892225));
#1785=CARTESIAN_POINT('Origin',(-28.1270422478792,-60.,17.4783495107775));
#1786=CARTESIAN_POINT('',(-28.1270422478792,-62.,17.4783495107775));
#1787=CARTESIAN_POINT('',(-28.1270422478792,-62.,-18.5216504892225));
#1788=CARTESIAN_POINT('',(-28.1270422478792,-60.,17.4783495107775));
#1789=CARTESIAN_POINT('Origin',(18.0000002682208,-58.1000000424683,24.4783495107775));
#1790=CARTESIAN_POINT('',(18.0000002682208,-58.1000000424683,24.4783495107775));
#1791=CARTESIAN_POINT('',(19.9999967589974,-58.1000000424683,24.4783495107775));
#1792=CARTESIAN_POINT('',(23.9364790101708,-58.1000000424683,24.4783495107775));
#1793=CARTESIAN_POINT('',(18.0000002682208,-58.1000000424683,20.9783495107775));
#1794=CARTESIAN_POINT('',(18.0000002682208,-58.1000000424683,24.4783495107775));
#1795=CARTESIAN_POINT('',(19.9999967589974,-58.1000000424683,20.9783495107775));
#1796=CARTESIAN_POINT('',(17.6250002626329,-58.1000000424683,20.9783495107775));
#1797=CARTESIAN_POINT('',(20.0000002980232,-58.1000000424683,24.4783495107775));
#1798=CARTESIAN_POINT('Origin',(-19.5000023581088,-58.1000000424683,24.4783495107775));
#1799=CARTESIAN_POINT('',(-19.5000023581088,-58.1000000424683,24.4783495107775));
#1800=CARTESIAN_POINT('',(-17.5000024028123,-58.1000000424683,24.4783495107775));
#1801=CARTESIAN_POINT('',(5.18647769700598,-58.1000000424683,24.4783495107775));
#1802=CARTESIAN_POINT('',(-19.5000023581088,-58.1000000424683,20.9783495107775));
#1803=CARTESIAN_POINT('',(-19.5000002905726,-58.1000000424683,24.4783495107775));
#1804=CARTESIAN_POINT('',(-17.5000024028123,-58.1000000424683,20.9783495107775));
#1805=CARTESIAN_POINT('',(-1.12500105053189,-58.1000000424683,20.9783495107775));
#1806=CARTESIAN_POINT('',(-17.5000024028123,-58.1000000424683,24.4783495107775));
#1807=CARTESIAN_POINT('Origin',(17.250000257045,-57.2500008530915,20.9783495107775));
#1808=CARTESIAN_POINT('',(18.0000002682208,-58.12500086613,20.9783495107775));
#1809=CARTESIAN_POINT('',(-17.5000002607703,-55.0000008195639,20.9783495107775));
#1810=CARTESIAN_POINT('',(-19.5000002905727,-54.5000008121133,20.9783495107775));
#1811=CARTESIAN_POINT('',(-19.5000002905726,-59.0000008791685,20.9783495107775));
#1812=CARTESIAN_POINT('',(20.0000002980232,-54.5000008121133,20.9783495107775));
#1813=CARTESIAN_POINT('',(20.0000002980232,-54.5000008121133,20.9783495107775));
#1814=CARTESIAN_POINT('',(20.0000002980232,-59.0000008791685,20.9783495107775));
#1815=CARTESIAN_POINT('Origin',(-30.1270422478792,-60.,-18.5216504892225));
#1816=CARTESIAN_POINT('',(-30.1270422478792,-62.,19.4783495107775));
#1817=CARTESIAN_POINT('',(-30.1270422478792,-60.,19.4783495107775));
#1818=CARTESIAN_POINT('',(-30.1270422478792,-62.,-20.5216504892225));
#1819=CARTESIAN_POINT('Origin',(-70.1270422478792,-60.,19.4783495107775));
#1820=CARTESIAN_POINT('',(-75.1270422478792,-62.,19.4783495107775));
#1821=CARTESIAN_POINT('',(-75.1270422478792,-60.,19.4783495107775));
#1822=CARTESIAN_POINT('',(-70.1270422478792,-62.,24.4783495107775));
#1823=CARTESIAN_POINT('Origin',(-70.1270422478792,-62.,19.4783495107775));
#1824=CARTESIAN_POINT('',(-70.1270422478792,-60.,24.4783495107775));
#1825=CARTESIAN_POINT('Origin',(-0.127042247879219,-62.,-0.52165048922248));
#1826=CARTESIAN_POINT('',(-75.1270422478792,-62.,-25.5216504892225));
#1827=CARTESIAN_POINT('',(-75.1270422478792,-62.,9.47834951077752));
#1828=CARTESIAN_POINT('',(34.8729577521208,-62.,-25.5216504892225));
#1829=CARTESIAN_POINT('',(-35.1270422478792,-62.,-25.5216504892225));
#1830=CARTESIAN_POINT('',(34.8729577521208,-62.,19.4783495107775));
#1831=CARTESIAN_POINT('',(34.8729577521208,-62.,-25.5216504892225));
#1832=CARTESIAN_POINT('',(29.8729577521208,-62.,24.4783495107775));
#1833=CARTESIAN_POINT('Origin',(29.8729577521208,-62.,19.4783495107775));
#1834=CARTESIAN_POINT('',(29.8729577521208,-62.,24.4783495107775));
#1835=CARTESIAN_POINT('',(29.8729577521208,-62.,19.4783495107775));
#1836=CARTESIAN_POINT('',(-30.1270422478792,-62.,19.4783495107775));
#1837=CARTESIAN_POINT('',(29.8729577521208,-62.,-18.5216504892225));
#1838=CARTESIAN_POINT('',(29.8729577521208,-62.,19.4783495107775));
#1839=CARTESIAN_POINT('',(27.8729577521208,-62.,-18.5216504892225));
#1840=CARTESIAN_POINT('',(29.8729577521208,-62.,-18.5216504892225));
#1841=CARTESIAN_POINT('',(27.8729577521208,-62.,17.4783495107775));
#1842=CARTESIAN_POINT('',(27.8729577521208,-62.,17.4783495107775));
#1843=CARTESIAN_POINT('',(-28.1270422478792,-62.,17.4783495107775));
#1844=CARTESIAN_POINT('',(12.4684870196909,-62.,-2.55672373708543));
#1845=CARTESIAN_POINT('',(8.75792839094696,-62.,-9.23572926882449));
#1846=CARTESIAN_POINT('Origin',(9.00000013411045,-62.,-5.00000007450581));
#1847=CARTESIAN_POINT('',(-8.75792839094697,-62.,-9.23572926882449));
#1848=CARTESIAN_POINT('Origin',(0.,-62.,0.));
#1849=CARTESIAN_POINT('',(-13.24264088445,-62.,-5.00000007450581));
#1850=CARTESIAN_POINT('Origin',(-9.00000013411045,-62.,-5.00000007450581));
#1851=CARTESIAN_POINT('',(-12.4684870196909,-62.,-2.55672373708543));
#1852=CARTESIAN_POINT('Origin',(-9.00000013411045,-62.,-5.00000007450581));
#1853=CARTESIAN_POINT('Origin',(0.,-62.,0.));
#1854=CARTESIAN_POINT('',(6.00000008940697,-62.,-15.0000002235174));
#1855=CARTESIAN_POINT('',(6.00000008940697,-62.,-21.0000003129244));
#1856=CARTESIAN_POINT('',(6.00000008940697,-62.,-7.76082535636995));
#1857=CARTESIAN_POINT('',(-6.50000009685755,-62.,-21.0000003129244));
#1858=CARTESIAN_POINT('',(2.93647892076387,-62.,-21.0000003129244));
#1859=CARTESIAN_POINT('',(-6.50000009685755,-62.,-15.0000002235174));
#1860=CARTESIAN_POINT('',(-6.50000009685755,-62.,-10.7608254010734));
#1861=CARTESIAN_POINT('',(-3.31352117236838,-62.,-15.0000002235174));
#1862=CARTESIAN_POINT('Origin',(-75.1270422478792,-60.,19.4783495107775));
#1863=CARTESIAN_POINT('',(-75.1270422478792,-60.,-25.5216504892225));
#1864=CARTESIAN_POINT('Origin',(29.8729577521208,-60.,24.4783495107775));
#1865=CARTESIAN_POINT('',(20.0000002980232,-54.5000008121133,24.4783495107775));
#1866=CARTESIAN_POINT('',(20.0000002980232,-59.0000008791685,24.4783495107775));
#1867=CARTESIAN_POINT('',(-19.5000002905727,-54.5000008121133,24.4783495107775));
#1868=CARTESIAN_POINT('',(20.0000002980232,-54.5000008121133,24.4783495107775));
#1869=CARTESIAN_POINT('',(-19.5000002905726,-59.0000008791685,24.4783495107775));
#1870=CARTESIAN_POINT('',(-17.5000002607703,-55.0000008195639,24.4783495107775));
#1871=CARTESIAN_POINT('',(29.8729577521208,-60.,24.4783495107775));
#1872=CARTESIAN_POINT('',(18.0000002682209,-60.0000008940697,24.4783495107775));
#1873=CARTESIAN_POINT('Origin',(6.00000008940697,-62.,-15.0000002235174));
#1874=CARTESIAN_POINT('',(6.00000008940697,-62.,-15.0000002235174));
#1875=CARTESIAN_POINT('',(6.00000008940697,-62.,-21.0000003129244));
#1876=CARTESIAN_POINT('Origin',(-6.50000009685755,-62.,-15.0000002235174));
#1877=CARTESIAN_POINT('',(-6.50000009685755,-62.,-15.0000002235174));
#1878=CARTESIAN_POINT('Origin',(-6.50000009685755,-62.,-21.0000003129244));
#1879=CARTESIAN_POINT('',(-6.50000009685755,-62.,-21.0000003129244));
#1880=CARTESIAN_POINT('Origin',(6.00000008940697,-62.,-21.0000003129244));
#1881=CARTESIAN_POINT('Origin',(9.00000013411045,-62.,-5.00000007450581));
#1882=CARTESIAN_POINT('',(4.75735938377089,-66.,-5.00000007450581));
#1883=CARTESIAN_POINT('Origin',(9.00000013411045,-66.,-5.00000007450581));
#1884=CARTESIAN_POINT('',(4.75735938377089,-64.,-5.00000007450581));
#1885=CARTESIAN_POINT('',(4.75735938377089,-62.,-5.00000007450581));
#1886=CARTESIAN_POINT('',(8.75792839094697,-64.,-9.23572926882449));
#1887=CARTESIAN_POINT('Origin',(9.00000013411045,-64.,-5.00000007450581));
#1888=CARTESIAN_POINT('',(8.75792839094696,-62.,-9.23572926882449));
#1889=CARTESIAN_POINT('',(12.4684870196909,-64.,-2.55672373708543));
#1890=CARTESIAN_POINT('',(12.4684870196909,-62.,-2.55672373708543));
#1891=CARTESIAN_POINT('',(11.9250604215212,-64.,-1.92688718177723));
#1892=CARTESIAN_POINT('Origin',(9.00000013411045,-64.,-5.00000007450581));
#1893=CARTESIAN_POINT('',(11.9250604215212,-62.,-1.92688718177723));
#1894=CARTESIAN_POINT('',(11.9250604215212,-62.,-1.92688718177723));
#1895=CARTESIAN_POINT('',(4.81248260612977,-62.,-4.31831283735345));
#1896=CARTESIAN_POINT('Origin',(9.00000013411045,-62.,-5.00000007450581));
#1897=CARTESIAN_POINT('',(4.81248260612977,-64.,-4.31831283735345));
#1898=CARTESIAN_POINT('',(4.81248260612977,-62.,-4.31831283735345));
#1899=CARTESIAN_POINT('Origin',(9.00000013411045,-64.,-5.00000007450581));
#1900=CARTESIAN_POINT('Origin',(9.00000013411045,-66.,-5.00000007450581));
#1901=CARTESIAN_POINT('Origin',(-0.127042247879219,-62.,-0.52165048922248));
#1902=CARTESIAN_POINT('',(3.00000004470348,-62.,-5.00000007450581));
#1903=CARTESIAN_POINT('Ctrl Pts',(11.9250604215212,-62.,-1.92688718177723));
#1904=CARTESIAN_POINT('Ctrl Pts',(11.9260663176698,-62.,-1.92064263815199));
#1905=CARTESIAN_POINT('Ctrl Pts',(11.9577859605834,-62.,-1.7219021292289));
#1906=CARTESIAN_POINT('Ctrl Pts',(12.0032194299381,-62.,-1.3219443934279));
#1907=CARTESIAN_POINT('Ctrl Pts',(12.0217382282455,-62.,-0.7011307318937));
#1908=CARTESIAN_POINT('Ctrl Pts',(11.9522231921756,-62.,0.164343692955458));
#1909=CARTESIAN_POINT('Ctrl Pts',(11.7262553780705,-62.,1.27393719435207));
#1910=CARTESIAN_POINT('Ctrl Pts',(11.3783065866924,-62.,2.38438333256091));
#1911=CARTESIAN_POINT('Ctrl Pts',(10.928200460858,-62.,3.45607212286992));
#1912=CARTESIAN_POINT('Ctrl Pts',(10.3960906361839,-62.,4.44833429365169));
#1913=CARTESIAN_POINT('Ctrl Pts',(9.80098194426763,-62.,5.32217781491964));
#1914=CARTESIAN_POINT('Ctrl Pts',(9.15884704609932,-62.,6.04340821702991));
#1915=CARTESIAN_POINT('Ctrl Pts',(8.48200077661063,-62.,6.58471395154267));
#1916=CARTESIAN_POINT('Ctrl Pts',(7.78088604315179,-62.,6.9257260409836));
#1917=CARTESIAN_POINT('Ctrl Pts',(7.06535748936394,-62.,7.05360790107067));
#1918=CARTESIAN_POINT('Ctrl Pts',(6.34611334645603,-62.,6.9634949028946));
#1919=CARTESIAN_POINT('Ctrl Pts',(5.63620829655007,-62.,6.65919813223294));
#1920=CARTESIAN_POINT('Ctrl Pts',(4.95031648211658,-62.,6.15256586705585));
#1921=CARTESIAN_POINT('Ctrl Pts',(4.30374914925854,-62.,5.46288032560413));
#1922=CARTESIAN_POINT('Ctrl Pts',(3.7116158111361,-62.,4.61620519238514));
#1923=CARTESIAN_POINT('Ctrl Pts',(3.18779392961047,-62.,3.64516975090974));
#1924=CARTESIAN_POINT('Ctrl Pts',(2.74443331266086,-62.,2.58742317806652));
#1925=CARTESIAN_POINT('Ctrl Pts',(2.39202497893589,-62.,1.48253485744106));
#1926=CARTESIAN_POINT('Ctrl Pts',(2.13930452376165,-62.,0.369393570720207));
#1927=CARTESIAN_POINT('Ctrl Pts',(1.99317262186105,-62.,-0.71670040571517));
#1928=CARTESIAN_POINT('Ctrl Pts',(1.95861458317033,-62.,-1.74655650307375));
#1929=CARTESIAN_POINT('Ctrl Pts',(2.03847565064507,-62.,-2.70052258123175));
#1930=CARTESIAN_POINT('Ctrl Pts',(2.23389084243051,-62.,-3.56748142048762));
#1931=CARTESIAN_POINT('Ctrl Pts',(2.48273922867996,-62.,-4.18726447025542));
#1932=CARTESIAN_POINT('Ctrl Pts',(2.72123741051995,-62.,-4.60998330386363));
#1933=CARTESIAN_POINT('Ctrl Pts',(2.90324446338604,-62.,-4.87310891784607));
#1934=CARTESIAN_POINT('Ctrl Pts',(3.00000004470348,-62.,-5.00000007450581));
#1935=CARTESIAN_POINT('Ctrl Pts',(3.00000004470348,-62.,-5.00000007450581));
#1936=CARTESIAN_POINT('Ctrl Pts',(3.1640804753502,-62.,-4.92528007750838));
#1937=CARTESIAN_POINT('Ctrl Pts',(3.49018730396042,-62.,-4.7822136127691));
#1938=CARTESIAN_POINT('Ctrl Pts',(3.85652820111425,-62.,-4.63394729018963));
#1939=CARTESIAN_POINT('Ctrl Pts',(4.2174631621293,-62.,-4.5024552343568));
#1940=CARTESIAN_POINT('Ctrl Pts',(4.57270551215259,-62.,-4.38862697861535));
#1941=CARTESIAN_POINT('Ctrl Pts',(4.76997166079656,-62.,-4.33057769515606));
#1942=CARTESIAN_POINT('Ctrl Pts',(4.81248260612977,-62.,-4.31831283735345));
#1943=CARTESIAN_POINT('',(3.73443561857279,-62.,3.50000005215406));
#1944=CARTESIAN_POINT('Origin',(5.75000008568168,-62.,3.50000005215406));
#1945=CARTESIAN_POINT('Origin',(-9.00000013411045,-62.,-5.00000007450581));
#1946=CARTESIAN_POINT('',(-13.24264088445,-66.,-5.00000007450581));
#1947=CARTESIAN_POINT('Origin',(-9.00000013411045,-66.,-5.00000007450581));
#1948=CARTESIAN_POINT('',(-13.24264088445,-62.,-5.00000007450581));
#1949=CARTESIAN_POINT('',(-8.75792839094697,-64.,-9.23572926882449));
#1950=CARTESIAN_POINT('',(-8.75792839094697,-62.,-9.23572926882449));
#1951=CARTESIAN_POINT('',(-4.81248260612977,-64.,-4.31831283735345));
#1952=CARTESIAN_POINT('Origin',(-9.00000013411045,-64.,-5.00000007450581));
#1953=CARTESIAN_POINT('',(-4.81248260612977,-62.,-4.31831283735345));
#1954=CARTESIAN_POINT('',(-4.81248260612977,-62.,-4.31831283735345));
#1955=CARTESIAN_POINT('',(-11.9250604215212,-62.,-1.92688718177723));
#1956=CARTESIAN_POINT('Origin',(-9.00000013411045,-62.,-5.00000007450581));
#1957=CARTESIAN_POINT('',(-11.9250604215212,-64.,-1.92688718177723));
#1958=CARTESIAN_POINT('',(-11.9250604215212,-62.,-1.92688718177723));
#1959=CARTESIAN_POINT('',(-12.4684870196909,-64.,-2.55672373708543));
#1960=CARTESIAN_POINT('Origin',(-9.00000013411045,-64.,-5.00000007450581));
#1961=CARTESIAN_POINT('',(-12.4684870196909,-62.,-2.55672373708543));
#1962=CARTESIAN_POINT('Origin',(-9.00000013411045,-66.,-5.00000007450581));
#1963=CARTESIAN_POINT('Origin',(5.00000007450581,-62.,4.00000005960464));
#1964=CARTESIAN_POINT('',(4.29289328278255,-64.,4.00000005960464));
#1965=CARTESIAN_POINT('Origin',(5.00000007450581,-64.,4.00000005960464));
#1966=CARTESIAN_POINT('',(4.29289328278255,-62.,4.00000005960464));
#1967=CARTESIAN_POINT('',(4.29289328278255,-62.,4.00000005960464));
#1968=CARTESIAN_POINT('Origin',(5.00000007450581,-62.,4.00000005960464));
#1969=CARTESIAN_POINT('Origin',(5.75000008568168,-62.,3.50000005215406));
#1970=CARTESIAN_POINT('',(3.73443561857279,-64.,3.50000005215406));
#1971=CARTESIAN_POINT('Origin',(5.75000008568168,-64.,3.50000005215406));
#1972=CARTESIAN_POINT('',(3.73443561857279,-62.,3.50000005215406));
#1973=CARTESIAN_POINT('Origin',(5.75000008568168,-64.,3.50000005215406));
#1974=CARTESIAN_POINT('Origin',(-0.127042247879219,-62.,-0.52165048922248));
#1975=CARTESIAN_POINT('',(-3.00000004470348,-62.,-5.00000007450581));
#1976=CARTESIAN_POINT('Ctrl Pts',(-4.81248260612977,-62.,-4.31831283735345));
#1977=CARTESIAN_POINT('Ctrl Pts',(-4.76997166079656,-62.,-4.33057769515606));
#1978=CARTESIAN_POINT('Ctrl Pts',(-4.57270551215259,-62.,-4.38862697861535));
#1979=CARTESIAN_POINT('Ctrl Pts',(-4.2174631621293,-62.,-4.5024552343568));
#1980=CARTESIAN_POINT('Ctrl Pts',(-3.85652820111425,-62.,-4.63394729018963));
#1981=CARTESIAN_POINT('Ctrl Pts',(-3.49018730396042,-62.,-4.7822136127691));
#1982=CARTESIAN_POINT('Ctrl Pts',(-3.1640804753502,-62.,-4.92528007750838));
#1983=CARTESIAN_POINT('Ctrl Pts',(-3.00000004470348,-62.,-5.00000007450581));
#1984=CARTESIAN_POINT('Ctrl Pts',(-3.00000004470348,-62.,-5.00000007450581));
#1985=CARTESIAN_POINT('Ctrl Pts',(-2.90324446338604,-62.,-4.87310891784607));
#1986=CARTESIAN_POINT('Ctrl Pts',(-2.72123741051995,-62.,-4.60998330386363));
#1987=CARTESIAN_POINT('Ctrl Pts',(-2.48273922867996,-62.,-4.18726447025542));
#1988=CARTESIAN_POINT('Ctrl Pts',(-2.23389084243051,-62.,-3.56748142048762));
#1989=CARTESIAN_POINT('Ctrl Pts',(-2.03847565064507,-62.,-2.70052258123175));
#1990=CARTESIAN_POINT('Ctrl Pts',(-1.95861458317033,-62.,-1.74655650307375));
#1991=CARTESIAN_POINT('Ctrl Pts',(-1.99317262186105,-62.,-0.71670040571517));
#1992=CARTESIAN_POINT('Ctrl Pts',(-2.13930452376165,-62.,0.369393570720207));
#1993=CARTESIAN_POINT('Ctrl Pts',(-2.39202497893589,-62.,1.48253485744106));
#1994=CARTESIAN_POINT('Ctrl Pts',(-2.74443331266086,-62.,2.58742317806652));
#1995=CARTESIAN_POINT('Ctrl Pts',(-3.18779392961047,-62.,3.64516975090974));
#1996=CARTESIAN_POINT('Ctrl Pts',(-3.7116158111361,-62.,4.61620519238514));
#1997=CARTESIAN_POINT('Ctrl Pts',(-4.30374914925854,-62.,5.46288032560413));
#1998=CARTESIAN_POINT('Ctrl Pts',(-4.95031648211658,-62.,6.15256586705585));
#1999=CARTESIAN_POINT('Ctrl Pts',(-5.63620829655007,-62.,6.65919813223294));
#2000=CARTESIAN_POINT('Ctrl Pts',(-6.34611334645603,-62.,6.9634949028946));
#2001=CARTESIAN_POINT('Ctrl Pts',(-7.06535748936394,-62.,7.05360790107067));
#2002=CARTESIAN_POINT('Ctrl Pts',(-7.78088604315179,-62.,6.9257260409836));
#2003=CARTESIAN_POINT('Ctrl Pts',(-8.48200077661063,-62.,6.58471395154267));
#2004=CARTESIAN_POINT('Ctrl Pts',(-9.15884704609932,-62.,6.04340821702991));
#2005=CARTESIAN_POINT('Ctrl Pts',(-9.80098194426763,-62.,5.32217781491964));
#2006=CARTESIAN_POINT('Ctrl Pts',(-10.3960906361839,-62.,4.44833429365169));
#2007=CARTESIAN_POINT('Ctrl Pts',(-10.928200460858,-62.,3.45607212286992));
#2008=CARTESIAN_POINT('Ctrl Pts',(-11.3783065866924,-62.,2.38438333256091));
#2009=CARTESIAN_POINT('Ctrl Pts',(-11.7262553780705,-62.,1.27393719435207));
#2010=CARTESIAN_POINT('Ctrl Pts',(-11.9522231921756,-62.,0.164343692955458));
#2011=CARTESIAN_POINT('Ctrl Pts',(-12.0217382282455,-62.,-0.701130731893701));
#2012=CARTESIAN_POINT('Ctrl Pts',(-12.0032194299381,-62.,-1.3219443934279));
#2013=CARTESIAN_POINT('Ctrl Pts',(-11.9577859605834,-62.,-1.7219021292289));
#2014=CARTESIAN_POINT('Ctrl Pts',(-11.9260663176698,-62.,-1.92064263815199));
#2015=CARTESIAN_POINT('Ctrl Pts',(-11.9250604215212,-62.,-1.92688718177723));
#2016=CARTESIAN_POINT('',(-10.1360010873676,-62.,3.75000005587935));
#2017=CARTESIAN_POINT('Origin',(-8.00000011920929,-62.,3.75000005587935));
#2018=CARTESIAN_POINT('Origin',(-9.00000013411045,-62.,4.50000006705523));
#2019=CARTESIAN_POINT('',(-9.70710692583371,-64.,4.50000006705523));
#2020=CARTESIAN_POINT('Origin',(-9.00000013411045,-64.,4.50000006705523));
#2021=CARTESIAN_POINT('',(-9.70710692583371,-62.,4.50000006705523));
#2022=CARTESIAN_POINT('',(-9.70710692583371,-62.,4.50000006705523));
#2023=CARTESIAN_POINT('Origin',(-9.00000013411045,-62.,4.50000006705523));
#2024=CARTESIAN_POINT('Origin',(-8.00000011920929,-62.,3.75000005587935));
#2025=CARTESIAN_POINT('',(-10.1360010873676,-64.,3.75000005587935));
#2026=CARTESIAN_POINT('Origin',(-8.00000011920929,-64.,3.75000005587935));
#2027=CARTESIAN_POINT('',(-10.1360010873676,-62.,3.75000005587935));
#2028=CARTESIAN_POINT('Origin',(-8.00000011920929,-64.,3.75000005587935));
#2029=CARTESIAN_POINT('Origin',(-0.127042247879219,-62.,-0.52165048922248));
#2030=CARTESIAN_POINT('Ctrl Pts',(-1.50000002235174,-62.,-6.50000009685755));
#2031=CARTESIAN_POINT('Ctrl Pts',(-1.50000002235174,-64.,-6.50000009685755));
#2032=CARTESIAN_POINT('Ctrl Pts',(-1.49391354933069,-62.,-6.49552407126042));
#2033=CARTESIAN_POINT('Ctrl Pts',(-1.49391354933069,-64.,-6.49552407126042));
#2034=CARTESIAN_POINT('Ctrl Pts',(-1.46602642675482,-62.,-6.53520638294366));
#2035=CARTESIAN_POINT('Ctrl Pts',(-1.46602642675482,-64.,-6.53520638294366));
#2036=CARTESIAN_POINT('Ctrl Pts',(-1.37750491210987,-62.,-6.73761470531734));
#2037=CARTESIAN_POINT('Ctrl Pts',(-1.37750491210987,-64.,-6.73761470531734));
#2038=CARTESIAN_POINT('Ctrl Pts',(-1.17404047154763,-62.,-7.23448444094867));
#2039=CARTESIAN_POINT('Ctrl Pts',(-1.17404047154763,-64.,-7.23448444094867));
#2040=CARTESIAN_POINT('Ctrl Pts',(-0.817619279702248,-62.,-7.9563155856247));
#2041=CARTESIAN_POINT('Ctrl Pts',(-0.817619279702248,-64.,-7.9563155856247));
#2042=CARTESIAN_POINT('Ctrl Pts',(-0.40970449186349,-62.,-8.47559559195424));
#2043=CARTESIAN_POINT('Ctrl Pts',(-0.40970449186349,-64.,-8.47559559195424));
#2044=CARTESIAN_POINT('Ctrl Pts',(-0.00187658724621011,-62.,-8.55786016615894));
#2045=CARTESIAN_POINT('Ctrl Pts',(-0.00187658724621011,-64.,-8.55786016615894));
#2046=CARTESIAN_POINT('Ctrl Pts',(0.36409031799831,-62.,-8.15732190694405));
#2047=CARTESIAN_POINT('Ctrl Pts',(0.36409031799831,-64.,-8.15732190694405));
#2048=CARTESIAN_POINT('Ctrl Pts',(0.662404498372001,-62.,-7.46439913319962));
#2049=CARTESIAN_POINT('Ctrl Pts',(0.662404498372001,-64.,-7.46439913319962));
#2050=CARTESIAN_POINT('Ctrl Pts',(0.878000619475227,-62.,-6.77469583979053));
#2051=CARTESIAN_POINT('Ctrl Pts',(0.878000619475227,-64.,-6.77469583979053));
#2052=CARTESIAN_POINT('Ctrl Pts',(1.00356419786177,-62.,-6.38925771949821));
#2053=CARTESIAN_POINT('Ctrl Pts',(1.00356419786177,-64.,-6.38925771949821));
#2054=CARTESIAN_POINT('Ctrl Pts',(1.03619959328982,-62.,-6.51425375334606));
#2055=CARTESIAN_POINT('Ctrl Pts',(1.03619959328982,-64.,-6.51425375334606));
#2056=CARTESIAN_POINT('Ctrl Pts',(0.973643637162016,-62.,-7.13145438201745));
#2057=CARTESIAN_POINT('Ctrl Pts',(0.973643637162016,-64.,-7.13145438201745));
#2058=CARTESIAN_POINT('Ctrl Pts',(0.815212506302073,-62.,-8.03390181363911));
#2059=CARTESIAN_POINT('Ctrl Pts',(0.815212506302073,-64.,-8.03390181363911));
#2060=CARTESIAN_POINT('Ctrl Pts',(0.564774622461858,-62.,-8.929222897124));
#2061=CARTESIAN_POINT('Ctrl Pts',(0.564774622461858,-64.,-8.929222897124));
#2062=CARTESIAN_POINT('Ctrl Pts',(0.233490032652659,-62.,-9.52300848704235));
#2063=CARTESIAN_POINT('Ctrl Pts',(0.233490032652659,-64.,-9.52300848704235));
#2064=CARTESIAN_POINT('Ctrl Pts',(-0.157730599220803,-62.,-9.6008876792799));
#2065=CARTESIAN_POINT('Ctrl Pts',(-0.157730599220803,-64.,-9.6008876792799));
#2066=CARTESIAN_POINT('Ctrl Pts',(-0.573958019848986,-62.,-9.13439629476901));
#2067=CARTESIAN_POINT('Ctrl Pts',(-0.573958019848986,-64.,-9.13439629476901));
#2068=CARTESIAN_POINT('Ctrl Pts',(-0.967627894873102,-62.,-8.30062537524933));
#2069=CARTESIAN_POINT('Ctrl Pts',(-0.967627894873102,-64.,-8.30062537524933));
#2070=CARTESIAN_POINT('Ctrl Pts',(-1.28824161829793,-62.,-7.3743088492791));
#2071=CARTESIAN_POINT('Ctrl Pts',(-1.28824161829793,-64.,-7.3743088492791));
#2072=CARTESIAN_POINT('Ctrl Pts',(-1.44963919072198,-62.,-6.79736348004938));
#2073=CARTESIAN_POINT('Ctrl Pts',(-1.44963919072198,-64.,-6.79736348004938));
#2074=CARTESIAN_POINT('Ctrl Pts',(-1.50254526488112,-62.,-6.56206253652639));
#2075=CARTESIAN_POINT('Ctrl Pts',(-1.50254526488112,-64.,-6.56206253652639));
#2076=CARTESIAN_POINT('Ctrl Pts',(-1.50608649537279,-62.,-6.50447612245467));
#2077=CARTESIAN_POINT('Ctrl Pts',(-1.50608649537279,-64.,-6.50447612245467));
#2078=CARTESIAN_POINT('Ctrl Pts',(-1.50000002235174,-62.,-6.50000009685755));
#2079=CARTESIAN_POINT('Ctrl Pts',(-1.50000002235174,-64.,-6.50000009685755));
#2080=CARTESIAN_POINT('',(-1.50000002235174,-62.,-6.50000009685755));
#2081=CARTESIAN_POINT('Ctrl Pts',(-1.50000002235174,-62.,-6.50000009685755));
#2082=CARTESIAN_POINT('Ctrl Pts',(-1.50608649537279,-62.,-6.50447612245467));
#2083=CARTESIAN_POINT('Ctrl Pts',(-1.50254526488112,-62.,-6.56206253652639));
#2084=CARTESIAN_POINT('Ctrl Pts',(-1.44963919072198,-62.,-6.79736348004938));
#2085=CARTESIAN_POINT('Ctrl Pts',(-1.28824161829793,-62.,-7.3743088492791));
#2086=CARTESIAN_POINT('Ctrl Pts',(-0.967627894873102,-62.,-8.30062537524933));
#2087=CARTESIAN_POINT('Ctrl Pts',(-0.573958019848986,-62.,-9.13439629476901));
#2088=CARTESIAN_POINT('Ctrl Pts',(-0.157730599220803,-62.,-9.6008876792799));
#2089=CARTESIAN_POINT('Ctrl Pts',(0.233490032652659,-62.,-9.52300848704235));
#2090=CARTESIAN_POINT('Ctrl Pts',(0.564774622461858,-62.,-8.929222897124));
#2091=CARTESIAN_POINT('Ctrl Pts',(0.815212506302073,-62.,-8.03390181363911));
#2092=CARTESIAN_POINT('Ctrl Pts',(0.973643637162016,-62.,-7.13145438201745));
#2093=CARTESIAN_POINT('Ctrl Pts',(1.03619959328982,-62.,-6.51425375334606));
#2094=CARTESIAN_POINT('Ctrl Pts',(1.00356419786177,-62.,-6.38925771949821));
#2095=CARTESIAN_POINT('Ctrl Pts',(0.878000619475227,-62.,-6.77469583979053));
#2096=CARTESIAN_POINT('Ctrl Pts',(0.662404498372001,-62.,-7.46439913319962));
#2097=CARTESIAN_POINT('Ctrl Pts',(0.36409031799831,-62.,-8.15732190694405));
#2098=CARTESIAN_POINT('Ctrl Pts',(-0.00187658724621011,-62.,-8.55786016615894));
#2099=CARTESIAN_POINT('Ctrl Pts',(-0.40970449186349,-62.,-8.47559559195424));
#2100=CARTESIAN_POINT('Ctrl Pts',(-0.817619279702248,-62.,-7.9563155856247));
#2101=CARTESIAN_POINT('Ctrl Pts',(-1.17404047154763,-62.,-7.23448444094867));
#2102=CARTESIAN_POINT('Ctrl Pts',(-1.37750491210987,-62.,-6.73761470531734));
#2103=CARTESIAN_POINT('Ctrl Pts',(-1.46602642675482,-62.,-6.53520638294366));
#2104=CARTESIAN_POINT('Ctrl Pts',(-1.49391354933069,-62.,-6.49552407126042));
#2105=CARTESIAN_POINT('Ctrl Pts',(-1.50000002235174,-62.,-6.50000009685755));
#2106=CARTESIAN_POINT('',(-1.50000002235174,-64.,-6.50000009685755));
#2107=CARTESIAN_POINT('',(-1.50000002235174,-62.,-6.50000009685755));
#2108=CARTESIAN_POINT('Ctrl Pts',(-1.50000002235174,-64.,-6.50000009685755));
#2109=CARTESIAN_POINT('Ctrl Pts',(-1.49391354933069,-64.,-6.49552407126042));
#2110=CARTESIAN_POINT('Ctrl Pts',(-1.46602642675482,-64.,-6.53520638294366));
#2111=CARTESIAN_POINT('Ctrl Pts',(-1.37750491210987,-64.,-6.73761470531734));
#2112=CARTESIAN_POINT('Ctrl Pts',(-1.17404047154763,-64.,-7.23448444094867));
#2113=CARTESIAN_POINT('Ctrl Pts',(-0.817619279702248,-64.,-7.9563155856247));
#2114=CARTESIAN_POINT('Ctrl Pts',(-0.40970449186349,-64.,-8.47559559195424));
#2115=CARTESIAN_POINT('Ctrl Pts',(-0.00187658724621011,-64.,-8.55786016615894));
#2116=CARTESIAN_POINT('Ctrl Pts',(0.36409031799831,-64.,-8.15732190694405));
#2117=CARTESIAN_POINT('Ctrl Pts',(0.662404498372001,-64.,-7.46439913319962));
#2118=CARTESIAN_POINT('Ctrl Pts',(0.878000619475227,-64.,-6.77469583979053));
#2119=CARTESIAN_POINT('Ctrl Pts',(1.00356419786177,-64.,-6.38925771949821));
#2120=CARTESIAN_POINT('Ctrl Pts',(1.03619959328982,-64.,-6.51425375334606));
#2121=CARTESIAN_POINT('Ctrl Pts',(0.973643637162016,-64.,-7.13145438201745));
#2122=CARTESIAN_POINT('Ctrl Pts',(0.815212506302073,-64.,-8.03390181363911));
#2123=CARTESIAN_POINT('Ctrl Pts',(0.564774622461858,-64.,-8.929222897124));
#2124=CARTESIAN_POINT('Ctrl Pts',(0.233490032652659,-64.,-9.52300848704235));
#2125=CARTESIAN_POINT('Ctrl Pts',(-0.157730599220803,-64.,-9.6008876792799));
#2126=CARTESIAN_POINT('Ctrl Pts',(-0.573958019848986,-64.,-9.13439629476901));
#2127=CARTESIAN_POINT('Ctrl Pts',(-0.967627894873102,-64.,-8.30062537524933));
#2128=CARTESIAN_POINT('Ctrl Pts',(-1.28824161829793,-64.,-7.3743088492791));
#2129=CARTESIAN_POINT('Ctrl Pts',(-1.44963919072198,-64.,-6.79736348004938));
#2130=CARTESIAN_POINT('Ctrl Pts',(-1.50254526488112,-64.,-6.56206253652639));
#2131=CARTESIAN_POINT('Ctrl Pts',(-1.50608649537279,-64.,-6.50447612245467));
#2132=CARTESIAN_POINT('Ctrl Pts',(-1.50000002235174,-64.,-6.50000009685755));
#2133=CARTESIAN_POINT('Origin',(0.,-62.,0.));
#2134=CARTESIAN_POINT('Origin',(0.,-64.,0.));
#2135=CARTESIAN_POINT('Ctrl Pts',(-3.00000004470348,-62.,-5.00000007450581));
#2136=CARTESIAN_POINT('Ctrl Pts',(-3.00000004470348,-64.,-5.00000007450581));
#2137=CARTESIAN_POINT('Ctrl Pts',(-3.1640804753502,-62.,-4.92528007750838));
#2138=CARTESIAN_POINT('Ctrl Pts',(-3.1640804753502,-64.,-4.92528007750838));
#2139=CARTESIAN_POINT('Ctrl Pts',(-3.49018730396042,-62.,-4.7822136127691));
#2140=CARTESIAN_POINT('Ctrl Pts',(-3.49018730396042,-64.,-4.7822136127691));
#2141=CARTESIAN_POINT('Ctrl Pts',(-3.85652820111425,-62.,-4.63394729018963));
#2142=CARTESIAN_POINT('Ctrl Pts',(-3.85652820111425,-64.,-4.63394729018963));
#2143=CARTESIAN_POINT('Ctrl Pts',(-4.2174631621293,-62.,-4.5024552343568));
#2144=CARTESIAN_POINT('Ctrl Pts',(-4.2174631621293,-64.,-4.5024552343568));
#2145=CARTESIAN_POINT('Ctrl Pts',(-4.57270551215259,-62.,-4.38862697861535));
#2146=CARTESIAN_POINT('Ctrl Pts',(-4.57270551215259,-64.,-4.38862697861535));
#2147=CARTESIAN_POINT('Ctrl Pts',(-4.76997166079656,-62.,-4.33057769515606));
#2148=CARTESIAN_POINT('Ctrl Pts',(-4.76997166079656,-64.,-4.33057769515606));
#2149=CARTESIAN_POINT('Ctrl Pts',(-4.81248260612977,-62.,-4.31831283735345));
#2150=CARTESIAN_POINT('Ctrl Pts',(-4.81248260612977,-64.,-4.31831283735345));
#2151=CARTESIAN_POINT('',(-3.00000004470348,-64.,-5.00000007450581));
#2152=CARTESIAN_POINT('Ctrl Pts',(-3.00000004470348,-64.,-5.00000007450581));
#2153=CARTESIAN_POINT('Ctrl Pts',(-3.1640804753502,-64.,-4.92528007750838));
#2154=CARTESIAN_POINT('Ctrl Pts',(-3.49018730396042,-64.,-4.7822136127691));
#2155=CARTESIAN_POINT('Ctrl Pts',(-3.85652820111425,-64.,-4.63394729018963));
#2156=CARTESIAN_POINT('Ctrl Pts',(-4.2174631621293,-64.,-4.5024552343568));
#2157=CARTESIAN_POINT('Ctrl Pts',(-4.57270551215259,-64.,-4.38862697861535));
#2158=CARTESIAN_POINT('Ctrl Pts',(-4.76997166079656,-64.,-4.33057769515606));
#2159=CARTESIAN_POINT('Ctrl Pts',(-4.81248260612977,-64.,-4.31831283735345));
#2160=CARTESIAN_POINT('',(-3.00000004470348,-62.,-5.00000007450581));
#2161=CARTESIAN_POINT('Ctrl Pts',(-11.9250604215212,-62.,-1.92688718177723));
#2162=CARTESIAN_POINT('Ctrl Pts',(-11.9250604215212,-64.,-1.92688718177723));
#2163=CARTESIAN_POINT('Ctrl Pts',(-11.9260663176698,-62.,-1.92064263815199));
#2164=CARTESIAN_POINT('Ctrl Pts',(-11.9260663176698,-64.,-1.92064263815199));
#2165=CARTESIAN_POINT('Ctrl Pts',(-11.9577859605834,-62.,-1.7219021292289));
#2166=CARTESIAN_POINT('Ctrl Pts',(-11.9577859605834,-64.,-1.7219021292289));
#2167=CARTESIAN_POINT('Ctrl Pts',(-12.0032194299381,-62.,-1.3219443934279));
#2168=CARTESIAN_POINT('Ctrl Pts',(-12.0032194299381,-64.,-1.3219443934279));
#2169=CARTESIAN_POINT('Ctrl Pts',(-12.0217382282455,-62.,-0.701130731893701));
#2170=CARTESIAN_POINT('Ctrl Pts',(-12.0217382282455,-64.,-0.701130731893701));
#2171=CARTESIAN_POINT('Ctrl Pts',(-11.9522231921756,-62.,0.164343692955458));
#2172=CARTESIAN_POINT('Ctrl Pts',(-11.9522231921756,-64.,0.164343692955458));
#2173=CARTESIAN_POINT('Ctrl Pts',(-11.7262553780705,-62.,1.27393719435207));
#2174=CARTESIAN_POINT('Ctrl Pts',(-11.7262553780705,-64.,1.27393719435207));
#2175=CARTESIAN_POINT('Ctrl Pts',(-11.3783065866924,-62.,2.38438333256091));
#2176=CARTESIAN_POINT('Ctrl Pts',(-11.3783065866924,-64.,2.38438333256091));
#2177=CARTESIAN_POINT('Ctrl Pts',(-10.928200460858,-62.,3.45607212286992));
#2178=CARTESIAN_POINT('Ctrl Pts',(-10.928200460858,-64.,3.45607212286992));
#2179=CARTESIAN_POINT('Ctrl Pts',(-10.3960906361839,-62.,4.44833429365169));
#2180=CARTESIAN_POINT('Ctrl Pts',(-10.3960906361839,-64.,4.44833429365169));
#2181=CARTESIAN_POINT('Ctrl Pts',(-9.80098194426763,-62.,5.32217781491964));
#2182=CARTESIAN_POINT('Ctrl Pts',(-9.80098194426763,-64.,5.32217781491964));
#2183=CARTESIAN_POINT('Ctrl Pts',(-9.15884704609932,-62.,6.04340821702991));
#2184=CARTESIAN_POINT('Ctrl Pts',(-9.15884704609932,-64.,6.04340821702991));
#2185=CARTESIAN_POINT('Ctrl Pts',(-8.48200077661063,-62.,6.58471395154267));
#2186=CARTESIAN_POINT('Ctrl Pts',(-8.48200077661063,-64.,6.58471395154267));
#2187=CARTESIAN_POINT('Ctrl Pts',(-7.78088604315179,-62.,6.9257260409836));
#2188=CARTESIAN_POINT('Ctrl Pts',(-7.78088604315179,-64.,6.9257260409836));
#2189=CARTESIAN_POINT('Ctrl Pts',(-7.06535748936394,-62.,7.05360790107067));
#2190=CARTESIAN_POINT('Ctrl Pts',(-7.06535748936394,-64.,7.05360790107067));
#2191=CARTESIAN_POINT('Ctrl Pts',(-6.34611334645603,-62.,6.9634949028946));
#2192=CARTESIAN_POINT('Ctrl Pts',(-6.34611334645603,-64.,6.9634949028946));
#2193=CARTESIAN_POINT('Ctrl Pts',(-5.63620829655007,-62.,6.65919813223294));
#2194=CARTESIAN_POINT('Ctrl Pts',(-5.63620829655007,-64.,6.65919813223294));
#2195=CARTESIAN_POINT('Ctrl Pts',(-4.95031648211658,-62.,6.15256586705585));
#2196=CARTESIAN_POINT('Ctrl Pts',(-4.95031648211658,-64.,6.15256586705585));
#2197=CARTESIAN_POINT('Ctrl Pts',(-4.30374914925854,-62.,5.46288032560413));
#2198=CARTESIAN_POINT('Ctrl Pts',(-4.30374914925854,-64.,5.46288032560413));
#2199=CARTESIAN_POINT('Ctrl Pts',(-3.7116158111361,-62.,4.61620519238514));
#2200=CARTESIAN_POINT('Ctrl Pts',(-3.7116158111361,-64.,4.61620519238514));
#2201=CARTESIAN_POINT('Ctrl Pts',(-3.18779392961047,-62.,3.64516975090974));
#2202=CARTESIAN_POINT('Ctrl Pts',(-3.18779392961047,-64.,3.64516975090974));
#2203=CARTESIAN_POINT('Ctrl Pts',(-2.74443331266086,-62.,2.58742317806652));
#2204=CARTESIAN_POINT('Ctrl Pts',(-2.74443331266086,-64.,2.58742317806652));
#2205=CARTESIAN_POINT('Ctrl Pts',(-2.39202497893589,-62.,1.48253485744106));
#2206=CARTESIAN_POINT('Ctrl Pts',(-2.39202497893589,-64.,1.48253485744106));
#2207=CARTESIAN_POINT('Ctrl Pts',(-2.13930452376165,-62.,0.369393570720207));
#2208=CARTESIAN_POINT('Ctrl Pts',(-2.13930452376165,-64.,0.369393570720207));
#2209=CARTESIAN_POINT('Ctrl Pts',(-1.99317262186105,-62.,-0.71670040571517));
#2210=CARTESIAN_POINT('Ctrl Pts',(-1.99317262186105,-64.,-0.71670040571517));
#2211=CARTESIAN_POINT('Ctrl Pts',(-1.95861458317033,-62.,-1.74655650307375));
#2212=CARTESIAN_POINT('Ctrl Pts',(-1.95861458317033,-64.,-1.74655650307375));
#2213=CARTESIAN_POINT('Ctrl Pts',(-2.03847565064507,-62.,-2.70052258123175));
#2214=CARTESIAN_POINT('Ctrl Pts',(-2.03847565064507,-64.,-2.70052258123175));
#2215=CARTESIAN_POINT('Ctrl Pts',(-2.23389084243051,-62.,-3.56748142048762));
#2216=CARTESIAN_POINT('Ctrl Pts',(-2.23389084243051,-64.,-3.56748142048762));
#2217=CARTESIAN_POINT('Ctrl Pts',(-2.48273922867996,-62.,-4.18726447025542));
#2218=CARTESIAN_POINT('Ctrl Pts',(-2.48273922867996,-64.,-4.18726447025542));
#2219=CARTESIAN_POINT('Ctrl Pts',(-2.72123741051995,-62.,-4.60998330386363));
#2220=CARTESIAN_POINT('Ctrl Pts',(-2.72123741051995,-64.,-4.60998330386363));
#2221=CARTESIAN_POINT('Ctrl Pts',(-2.90324446338604,-62.,-4.87310891784607));
#2222=CARTESIAN_POINT('Ctrl Pts',(-2.90324446338604,-64.,-4.87310891784607));
#2223=CARTESIAN_POINT('Ctrl Pts',(-3.00000004470348,-62.,-5.00000007450581));
#2224=CARTESIAN_POINT('Ctrl Pts',(-3.00000004470348,-64.,-5.00000007450581));
#2225=CARTESIAN_POINT('Ctrl Pts',(-11.9250604215212,-64.,-1.92688718177723));
#2226=CARTESIAN_POINT('Ctrl Pts',(-11.9260663176698,-64.,-1.92064263815199));
#2227=CARTESIAN_POINT('Ctrl Pts',(-11.9577859605834,-64.,-1.7219021292289));
#2228=CARTESIAN_POINT('Ctrl Pts',(-12.0032194299381,-64.,-1.3219443934279));
#2229=CARTESIAN_POINT('Ctrl Pts',(-12.0217382282455,-64.,-0.701130731893701));
#2230=CARTESIAN_POINT('Ctrl Pts',(-11.9522231921756,-64.,0.164343692955458));
#2231=CARTESIAN_POINT('Ctrl Pts',(-11.7262553780705,-64.,1.27393719435207));
#2232=CARTESIAN_POINT('Ctrl Pts',(-11.3783065866924,-64.,2.38438333256091));
#2233=CARTESIAN_POINT('Ctrl Pts',(-10.928200460858,-64.,3.45607212286992));
#2234=CARTESIAN_POINT('Ctrl Pts',(-10.3960906361839,-64.,4.44833429365169));
#2235=CARTESIAN_POINT('Ctrl Pts',(-9.80098194426763,-64.,5.32217781491964));
#2236=CARTESIAN_POINT('Ctrl Pts',(-9.15884704609932,-64.,6.04340821702991));
#2237=CARTESIAN_POINT('Ctrl Pts',(-8.48200077661063,-64.,6.58471395154267));
#2238=CARTESIAN_POINT('Ctrl Pts',(-7.78088604315179,-64.,6.9257260409836));
#2239=CARTESIAN_POINT('Ctrl Pts',(-7.06535748936394,-64.,7.05360790107067));
#2240=CARTESIAN_POINT('Ctrl Pts',(-6.34611334645603,-64.,6.9634949028946));
#2241=CARTESIAN_POINT('Ctrl Pts',(-5.63620829655007,-64.,6.65919813223294));
#2242=CARTESIAN_POINT('Ctrl Pts',(-4.95031648211658,-64.,6.15256586705585));
#2243=CARTESIAN_POINT('Ctrl Pts',(-4.30374914925854,-64.,5.46288032560413));
#2244=CARTESIAN_POINT('Ctrl Pts',(-3.7116158111361,-64.,4.61620519238514));
#2245=CARTESIAN_POINT('Ctrl Pts',(-3.18779392961047,-64.,3.64516975090974));
#2246=CARTESIAN_POINT('Ctrl Pts',(-2.74443331266086,-64.,2.58742317806652));
#2247=CARTESIAN_POINT('Ctrl Pts',(-2.39202497893589,-64.,1.48253485744106));
#2248=CARTESIAN_POINT('Ctrl Pts',(-2.13930452376165,-64.,0.369393570720207));
#2249=CARTESIAN_POINT('Ctrl Pts',(-1.99317262186105,-64.,-0.71670040571517));
#2250=CARTESIAN_POINT('Ctrl Pts',(-1.95861458317033,-64.,-1.74655650307375));
#2251=CARTESIAN_POINT('Ctrl Pts',(-2.03847565064507,-64.,-2.70052258123175));
#2252=CARTESIAN_POINT('Ctrl Pts',(-2.23389084243051,-64.,-3.56748142048762));
#2253=CARTESIAN_POINT('Ctrl Pts',(-2.48273922867996,-64.,-4.18726447025542));
#2254=CARTESIAN_POINT('Ctrl Pts',(-2.72123741051995,-64.,-4.60998330386363));
#2255=CARTESIAN_POINT('Ctrl Pts',(-2.90324446338604,-64.,-4.87310891784607));
#2256=CARTESIAN_POINT('Ctrl Pts',(-3.00000004470348,-64.,-5.00000007450581));
#2257=CARTESIAN_POINT('Origin',(0.,-62.,0.));
#2258=CARTESIAN_POINT('Origin',(0.,-64.,0.));
#2259=CARTESIAN_POINT('Ctrl Pts',(3.00000004470348,-62.,-5.00000007450581));
#2260=CARTESIAN_POINT('Ctrl Pts',(3.00000004470348,-64.,-5.00000007450581));
#2261=CARTESIAN_POINT('Ctrl Pts',(2.90324446338604,-62.,-4.87310891784607));
#2262=CARTESIAN_POINT('Ctrl Pts',(2.90324446338604,-64.,-4.87310891784607));
#2263=CARTESIAN_POINT('Ctrl Pts',(2.72123741051995,-62.,-4.60998330386363));
#2264=CARTESIAN_POINT('Ctrl Pts',(2.72123741051995,-64.,-4.60998330386363));
#2265=CARTESIAN_POINT('Ctrl Pts',(2.48273922867996,-62.,-4.18726447025542));
#2266=CARTESIAN_POINT('Ctrl Pts',(2.48273922867996,-64.,-4.18726447025542));
#2267=CARTESIAN_POINT('Ctrl Pts',(2.23389084243051,-62.,-3.56748142048762));
#2268=CARTESIAN_POINT('Ctrl Pts',(2.23389084243051,-64.,-3.56748142048762));
#2269=CARTESIAN_POINT('Ctrl Pts',(2.03847565064507,-62.,-2.70052258123175));
#2270=CARTESIAN_POINT('Ctrl Pts',(2.03847565064507,-64.,-2.70052258123175));
#2271=CARTESIAN_POINT('Ctrl Pts',(1.95861458317033,-62.,-1.74655650307375));
#2272=CARTESIAN_POINT('Ctrl Pts',(1.95861458317033,-64.,-1.74655650307375));
#2273=CARTESIAN_POINT('Ctrl Pts',(1.99317262186105,-62.,-0.71670040571517));
#2274=CARTESIAN_POINT('Ctrl Pts',(1.99317262186105,-64.,-0.71670040571517));
#2275=CARTESIAN_POINT('Ctrl Pts',(2.13930452376165,-62.,0.369393570720207));
#2276=CARTESIAN_POINT('Ctrl Pts',(2.13930452376165,-64.,0.369393570720207));
#2277=CARTESIAN_POINT('Ctrl Pts',(2.39202497893589,-62.,1.48253485744106));
#2278=CARTESIAN_POINT('Ctrl Pts',(2.39202497893589,-64.,1.48253485744106));
#2279=CARTESIAN_POINT('Ctrl Pts',(2.74443331266086,-62.,2.58742317806652));
#2280=CARTESIAN_POINT('Ctrl Pts',(2.74443331266086,-64.,2.58742317806652));
#2281=CARTESIAN_POINT('Ctrl Pts',(3.18779392961047,-62.,3.64516975090974));
#2282=CARTESIAN_POINT('Ctrl Pts',(3.18779392961047,-64.,3.64516975090974));
#2283=CARTESIAN_POINT('Ctrl Pts',(3.7116158111361,-62.,4.61620519238514));
#2284=CARTESIAN_POINT('Ctrl Pts',(3.7116158111361,-64.,4.61620519238514));
#2285=CARTESIAN_POINT('Ctrl Pts',(4.30374914925854,-62.,5.46288032560413));
#2286=CARTESIAN_POINT('Ctrl Pts',(4.30374914925854,-64.,5.46288032560413));
#2287=CARTESIAN_POINT('Ctrl Pts',(4.95031648211658,-62.,6.15256586705585));
#2288=CARTESIAN_POINT('Ctrl Pts',(4.95031648211658,-64.,6.15256586705585));
#2289=CARTESIAN_POINT('Ctrl Pts',(5.63620829655007,-62.,6.65919813223294));
#2290=CARTESIAN_POINT('Ctrl Pts',(5.63620829655007,-64.,6.65919813223294));
#2291=CARTESIAN_POINT('Ctrl Pts',(6.34611334645603,-62.,6.9634949028946));
#2292=CARTESIAN_POINT('Ctrl Pts',(6.34611334645603,-64.,6.9634949028946));
#2293=CARTESIAN_POINT('Ctrl Pts',(7.06535748936394,-62.,7.05360790107067));
#2294=CARTESIAN_POINT('Ctrl Pts',(7.06535748936394,-64.,7.05360790107067));
#2295=CARTESIAN_POINT('Ctrl Pts',(7.78088604315179,-62.,6.9257260409836));
#2296=CARTESIAN_POINT('Ctrl Pts',(7.78088604315179,-64.,6.9257260409836));
#2297=CARTESIAN_POINT('Ctrl Pts',(8.48200077661063,-62.,6.58471395154267));
#2298=CARTESIAN_POINT('Ctrl Pts',(8.48200077661063,-64.,6.58471395154267));
#2299=CARTESIAN_POINT('Ctrl Pts',(9.15884704609932,-62.,6.04340821702991));
#2300=CARTESIAN_POINT('Ctrl Pts',(9.15884704609932,-64.,6.04340821702991));
#2301=CARTESIAN_POINT('Ctrl Pts',(9.80098194426763,-62.,5.32217781491964));
#2302=CARTESIAN_POINT('Ctrl Pts',(9.80098194426763,-64.,5.32217781491964));
#2303=CARTESIAN_POINT('Ctrl Pts',(10.3960906361839,-62.,4.44833429365169));
#2304=CARTESIAN_POINT('Ctrl Pts',(10.3960906361839,-64.,4.44833429365169));
#2305=CARTESIAN_POINT('Ctrl Pts',(10.928200460858,-62.,3.45607212286992));
#2306=CARTESIAN_POINT('Ctrl Pts',(10.928200460858,-64.,3.45607212286992));
#2307=CARTESIAN_POINT('Ctrl Pts',(11.3783065866924,-62.,2.38438333256091));
#2308=CARTESIAN_POINT('Ctrl Pts',(11.3783065866924,-64.,2.38438333256091));
#2309=CARTESIAN_POINT('Ctrl Pts',(11.7262553780705,-62.,1.27393719435207));
#2310=CARTESIAN_POINT('Ctrl Pts',(11.7262553780705,-64.,1.27393719435207));
#2311=CARTESIAN_POINT('Ctrl Pts',(11.9522231921756,-62.,0.164343692955458));
#2312=CARTESIAN_POINT('Ctrl Pts',(11.9522231921756,-64.,0.164343692955458));
#2313=CARTESIAN_POINT('Ctrl Pts',(12.0217382282455,-62.,-0.7011307318937));
#2314=CARTESIAN_POINT('Ctrl Pts',(12.0217382282455,-64.,-0.7011307318937));
#2315=CARTESIAN_POINT('Ctrl Pts',(12.0032194299381,-62.,-1.3219443934279));
#2316=CARTESIAN_POINT('Ctrl Pts',(12.0032194299381,-64.,-1.3219443934279));
#2317=CARTESIAN_POINT('Ctrl Pts',(11.9577859605834,-62.,-1.7219021292289));
#2318=CARTESIAN_POINT('Ctrl Pts',(11.9577859605834,-64.,-1.7219021292289));
#2319=CARTESIAN_POINT('Ctrl Pts',(11.9260663176698,-62.,-1.92064263815199));
#2320=CARTESIAN_POINT('Ctrl Pts',(11.9260663176698,-64.,-1.92064263815199));
#2321=CARTESIAN_POINT('Ctrl Pts',(11.9250604215212,-62.,-1.92688718177723));
#2322=CARTESIAN_POINT('Ctrl Pts',(11.9250604215212,-64.,-1.92688718177723));
#2323=CARTESIAN_POINT('',(3.00000004470348,-64.,-5.00000007450581));
#2324=CARTESIAN_POINT('Ctrl Pts',(3.00000004470348,-64.,-5.00000007450581));
#2325=CARTESIAN_POINT('Ctrl Pts',(2.90324446338604,-64.,-4.87310891784607));
#2326=CARTESIAN_POINT('Ctrl Pts',(2.72123741051995,-64.,-4.60998330386363));
#2327=CARTESIAN_POINT('Ctrl Pts',(2.48273922867996,-64.,-4.18726447025542));
#2328=CARTESIAN_POINT('Ctrl Pts',(2.23389084243051,-64.,-3.56748142048762));
#2329=CARTESIAN_POINT('Ctrl Pts',(2.03847565064507,-64.,-2.70052258123175));
#2330=CARTESIAN_POINT('Ctrl Pts',(1.95861458317033,-64.,-1.74655650307375));
#2331=CARTESIAN_POINT('Ctrl Pts',(1.99317262186105,-64.,-0.71670040571517));
#2332=CARTESIAN_POINT('Ctrl Pts',(2.13930452376165,-64.,0.369393570720207));
#2333=CARTESIAN_POINT('Ctrl Pts',(2.39202497893589,-64.,1.48253485744106));
#2334=CARTESIAN_POINT('Ctrl Pts',(2.74443331266086,-64.,2.58742317806652));
#2335=CARTESIAN_POINT('Ctrl Pts',(3.18779392961047,-64.,3.64516975090974));
#2336=CARTESIAN_POINT('Ctrl Pts',(3.7116158111361,-64.,4.61620519238514));
#2337=CARTESIAN_POINT('Ctrl Pts',(4.30374914925854,-64.,5.46288032560413));
#2338=CARTESIAN_POINT('Ctrl Pts',(4.95031648211658,-64.,6.15256586705585));
#2339=CARTESIAN_POINT('Ctrl Pts',(5.63620829655007,-64.,6.65919813223294));
#2340=CARTESIAN_POINT('Ctrl Pts',(6.34611334645603,-64.,6.9634949028946));
#2341=CARTESIAN_POINT('Ctrl Pts',(7.06535748936394,-64.,7.05360790107067));
#2342=CARTESIAN_POINT('Ctrl Pts',(7.78088604315179,-64.,6.9257260409836));
#2343=CARTESIAN_POINT('Ctrl Pts',(8.48200077661063,-64.,6.58471395154267));
#2344=CARTESIAN_POINT('Ctrl Pts',(9.15884704609932,-64.,6.04340821702991));
#2345=CARTESIAN_POINT('Ctrl Pts',(9.80098194426763,-64.,5.32217781491964));
#2346=CARTESIAN_POINT('Ctrl Pts',(10.3960906361839,-64.,4.44833429365169));
#2347=CARTESIAN_POINT('Ctrl Pts',(10.928200460858,-64.,3.45607212286992));
#2348=CARTESIAN_POINT('Ctrl Pts',(11.3783065866924,-64.,2.38438333256091));
#2349=CARTESIAN_POINT('Ctrl Pts',(11.7262553780705,-64.,1.27393719435207));
#2350=CARTESIAN_POINT('Ctrl Pts',(11.9522231921756,-64.,0.164343692955458));
#2351=CARTESIAN_POINT('Ctrl Pts',(12.0217382282455,-64.,-0.7011307318937));
#2352=CARTESIAN_POINT('Ctrl Pts',(12.0032194299381,-64.,-1.3219443934279));
#2353=CARTESIAN_POINT('Ctrl Pts',(11.9577859605834,-64.,-1.7219021292289));
#2354=CARTESIAN_POINT('Ctrl Pts',(11.9260663176698,-64.,-1.92064263815199));
#2355=CARTESIAN_POINT('Ctrl Pts',(11.9250604215212,-64.,-1.92688718177723));
#2356=CARTESIAN_POINT('',(3.00000004470348,-62.,-5.00000007450581));
#2357=CARTESIAN_POINT('Ctrl Pts',(4.81248260612977,-62.,-4.31831283735345));
#2358=CARTESIAN_POINT('Ctrl Pts',(4.81248260612977,-64.,-4.31831283735345));
#2359=CARTESIAN_POINT('Ctrl Pts',(4.76997166079656,-62.,-4.33057769515606));
#2360=CARTESIAN_POINT('Ctrl Pts',(4.76997166079656,-64.,-4.33057769515606));
#2361=CARTESIAN_POINT('Ctrl Pts',(4.57270551215259,-62.,-4.38862697861535));
#2362=CARTESIAN_POINT('Ctrl Pts',(4.57270551215259,-64.,-4.38862697861535));
#2363=CARTESIAN_POINT('Ctrl Pts',(4.2174631621293,-62.,-4.5024552343568));
#2364=CARTESIAN_POINT('Ctrl Pts',(4.2174631621293,-64.,-4.5024552343568));
#2365=CARTESIAN_POINT('Ctrl Pts',(3.85652820111425,-62.,-4.63394729018963));
#2366=CARTESIAN_POINT('Ctrl Pts',(3.85652820111425,-64.,-4.63394729018963));
#2367=CARTESIAN_POINT('Ctrl Pts',(3.49018730396042,-62.,-4.7822136127691));
#2368=CARTESIAN_POINT('Ctrl Pts',(3.49018730396042,-64.,-4.7822136127691));
#2369=CARTESIAN_POINT('Ctrl Pts',(3.1640804753502,-62.,-4.92528007750838));
#2370=CARTESIAN_POINT('Ctrl Pts',(3.1640804753502,-64.,-4.92528007750838));
#2371=CARTESIAN_POINT('Ctrl Pts',(3.00000004470348,-62.,-5.00000007450581));
#2372=CARTESIAN_POINT('Ctrl Pts',(3.00000004470348,-64.,-5.00000007450581));
#2373=CARTESIAN_POINT('Ctrl Pts',(4.81248260612977,-64.,-4.31831283735345));
#2374=CARTESIAN_POINT('Ctrl Pts',(4.76997166079656,-64.,-4.33057769515606));
#2375=CARTESIAN_POINT('Ctrl Pts',(4.57270551215259,-64.,-4.38862697861535));
#2376=CARTESIAN_POINT('Ctrl Pts',(4.2174631621293,-64.,-4.5024552343568));
#2377=CARTESIAN_POINT('Ctrl Pts',(3.85652820111425,-64.,-4.63394729018963));
#2378=CARTESIAN_POINT('Ctrl Pts',(3.49018730396042,-64.,-4.7822136127691));
#2379=CARTESIAN_POINT('Ctrl Pts',(3.1640804753502,-64.,-4.92528007750838));
#2380=CARTESIAN_POINT('Ctrl Pts',(3.00000004470348,-64.,-5.00000007450581));
#2381=CARTESIAN_POINT('Origin',(0.,-64.,0.));
#2382=CARTESIAN_POINT('Origin',(-0.127042247879219,-62.,-0.52165048922248));
#2383=CARTESIAN_POINT('Origin',(14.5000002160668,-54.5000008121133,24.4783495107775));
#2384=CARTESIAN_POINT('',(20.0000002980232,-54.5000008121133,24.4783495107775));
#2385=CARTESIAN_POINT('',(-19.5000002905727,-54.5000008121133,24.4783495107775));
#2386=CARTESIAN_POINT('Origin',(18.0000002682209,-59.0000008791685,24.4783495107775));
#2387=CARTESIAN_POINT('Origin',(20.0000002980232,-54.5000008121133,24.4783495107775));
#2388=CARTESIAN_POINT('Origin',(-19.5000002905726,-59.0000008791685,24.4783495107775));
#2389=CARTESIAN_POINT('Origin',(-17.5000002607703,-60.0000008940697,24.4783495107775));
#2390=CARTESIAN_POINT('Origin',(27.8729577521208,-60.,17.4783495107775));
#2391=CARTESIAN_POINT('',(27.8729577521208,-60.,17.4783495107775));
#2392=CARTESIAN_POINT('Origin',(27.8729577521208,-60.,-18.5216504892225));
#2393=CARTESIAN_POINT('',(27.8729577521208,-60.,-18.5216504892225));
#2394=CARTESIAN_POINT('Origin',(29.8729577521208,-60.,-18.5216504892225));
#2395=CARTESIAN_POINT('',(29.8729577521208,-60.,-18.5216504892225));
#2396=CARTESIAN_POINT('Origin',(29.8729577521208,-60.,19.4783495107775));
#2397=CARTESIAN_POINT('',(29.8729577521208,-60.,19.4783495107775));
#2398=CARTESIAN_POINT('Origin',(-30.1270422478792,-60.,19.4783495107775));
#2399=CARTESIAN_POINT('Origin',(-35.1270422478792,-60.,-25.5216504892225));
#2400=CARTESIAN_POINT('',(34.8729577521208,-60.,-25.5216504892225));
#2401=CARTESIAN_POINT('Origin',(29.8729577521208,-60.,19.4783495107775));
#2402=CARTESIAN_POINT('',(34.8729577521208,-60.,19.4783495107775));
#2403=CARTESIAN_POINT('Origin',(34.8729577521208,-60.,-25.5216504892225));
#2404=CARTESIAN_POINT('Origin',(-0.127042247879219,-62.,-0.52165048922248));
#2405=CARTESIAN_POINT('',(-28.4020422478792,-33.025,24.4783495107775));
#2406=CARTESIAN_POINT('',(125.,60.,-3.3881317890172E-18));
#2407=CARTESIAN_POINT('',(125.,60.,-3.3881317890172E-18));
#2408=UNCERTAINTY_MEASURE_WITH_UNIT(LENGTH_MEASURE(0.01),#2418,
'DISTANCE_ACCURACY_VALUE',
'Maximum model space distance between geometric entities at asserted c
onnectivities');
#2409=UNCERTAINTY_MEASURE_WITH_UNIT(LENGTH_MEASURE(0.01),#2418,
'DISTANCE_ACCURACY_VALUE',
'Maximum model space distance between geometric entities at asserted c
onnectivities');
#2410=UNCERTAINTY_MEASURE_WITH_UNIT(LENGTH_MEASURE(0.01),#2418,
'DISTANCE_ACCURACY_VALUE',
'Maximum model space distance between geometric entities at asserted c
onnectivities');
#2411=UNCERTAINTY_MEASURE_WITH_UNIT(LENGTH_MEASURE(0.01),#2418,
'DISTANCE_ACCURACY_VALUE',
'Maximum model space distance between geometric entities at asserted c
onnectivities');
#2412=UNCERTAINTY_MEASURE_WITH_UNIT(LENGTH_MEASURE(0.01),#2418,
'DISTANCE_ACCURACY_VALUE',
'Maximum model space distance between geometric entities at asserted c
onnectivities');
#2413=(
GEOMETRIC_REPRESENTATION_CONTEXT(3)
GLOBAL_UNCERTAINTY_ASSIGNED_CONTEXT((#2408))
GLOBAL_UNIT_ASSIGNED_CONTEXT((#2418,#2420,#2421))
REPRESENTATION_CONTEXT('','3D')
);
#2414=(
GEOMETRIC_REPRESENTATION_CONTEXT(3)
GLOBAL_UNCERTAINTY_ASSIGNED_CONTEXT((#2409))
GLOBAL_UNIT_ASSIGNED_CONTEXT((#2418,#2420,#2421))
REPRESENTATION_CONTEXT('','3D')
);
#2415=(
GEOMETRIC_REPRESENTATION_CONTEXT(3)
GLOBAL_UNCERTAINTY_ASSIGNED_CONTEXT((#2410))
GLOBAL_UNIT_ASSIGNED_CONTEXT((#2418,#2420,#2421))
REPRESENTATION_CONTEXT('','3D')
);
#2416=(
GEOMETRIC_REPRESENTATION_CONTEXT(3)
GLOBAL_UNCERTAINTY_ASSIGNED_CONTEXT((#2411))
GLOBAL_UNIT_ASSIGNED_CONTEXT((#2418,#2420,#2421))
REPRESENTATION_CONTEXT('','3D')
);
#2417=(
GEOMETRIC_REPRESENTATION_CONTEXT(3)
GLOBAL_UNCERTAINTY_ASSIGNED_CONTEXT((#2412))
GLOBAL_UNIT_ASSIGNED_CONTEXT((#2418,#2420,#2421))
REPRESENTATION_CONTEXT('','3D')
);
#2418=(
LENGTH_UNIT()
NAMED_UNIT(*)
SI_UNIT(.MILLI.,.METRE.)
);
#2419=(
LENGTH_UNIT()
NAMED_UNIT(*)
SI_UNIT($,.METRE.)
);
#2420=(
NAMED_UNIT(*)
PLANE_ANGLE_UNIT()
SI_UNIT($,.RADIAN.)
);
#2421=(
NAMED_UNIT(*)
SI_UNIT($,.STERADIAN.)
SOLID_ANGLE_UNIT()
);
#2422=SHAPE_DEFINITION_REPRESENTATION(#2426,#2433);
#2423=SHAPE_DEFINITION_REPRESENTATION(#2427,#2434);
#2424=SHAPE_DEFINITION_REPRESENTATION(#2428,#2435);
#2425=SHAPE_DEFINITION_REPRESENTATION(#2429,#2436);
#2426=PRODUCT_DEFINITION_SHAPE('',$,#2438);
#2427=PRODUCT_DEFINITION_SHAPE('',$,#2439);
#2428=PRODUCT_DEFINITION_SHAPE('',$,#2440);
#2429=PRODUCT_DEFINITION_SHAPE('',$,#2441);
#2430=PRODUCT_DEFINITION_SHAPE($,$,#20);
#2431=PRODUCT_DEFINITION_SHAPE($,$,#21);
#2432=PRODUCT_DEFINITION_SHAPE($,$,#22);
#2433=SHAPE_REPRESENTATION('',(#1244,#1336,#1337,#1338),#2413);
#2434=SHAPE_REPRESENTATION('',(#1245),#2414);
#2435=SHAPE_REPRESENTATION('',(#1246),#2415);
#2436=SHAPE_REPRESENTATION('',(#1257),#2416);
#2437=PRODUCT_DEFINITION_CONTEXT('part definition',#2451,'design');
#2438=PRODUCT_DEFINITION('DISPLAY CASE AND COMPONETS]',
'DISPLAY CASE AND COMPONETS]',#2442,#2437);
#2439=PRODUCT_DEFINITION('2026-04-16-20-24-47-915',
'plate-2026-04-16T16_18_50.932Z',#2443,#2437);
#2440=PRODUCT_DEFINITION('2026-04-19-12-11-47-406','Component69',#2444,
#2437);
#2441=PRODUCT_DEFINITION('2026-04-19-12-11-47-499','Component70',#2445,
#2437);
#2442=PRODUCT_DEFINITION_FORMATION('',$,#2453);
#2443=PRODUCT_DEFINITION_FORMATION('',$,#2454);
#2444=PRODUCT_DEFINITION_FORMATION('',$,#2455);
#2445=PRODUCT_DEFINITION_FORMATION('',$,#2456);
#2446=PRODUCT_RELATED_PRODUCT_CATEGORY('DISPLAY CASE AND COMPONETS]',
'DISPLAY CASE AND COMPONETS]',(#2453));
#2447=PRODUCT_RELATED_PRODUCT_CATEGORY('plate-2026-04-16T16_18_50.932Z',
'plate-2026-04-16T16_18_50.932Z',(#2454));
#2448=PRODUCT_RELATED_PRODUCT_CATEGORY('Component69','Component69',(#2455));
#2449=PRODUCT_RELATED_PRODUCT_CATEGORY('Component70','Component70',(#2456));
#2450=APPLICATION_PROTOCOL_DEFINITION('international standard',
'automotive_design',2009,#2451);
#2451=APPLICATION_CONTEXT(
'Core Data for Automotive Mechanical Design Process');
#2452=PRODUCT_CONTEXT('part definition',#2451,'mechanical');
#2453=PRODUCT('DISPLAY CASE AND COMPONETS]',
'DISPLAY CASE AND COMPONETS]',$,(#2452));
#2454=PRODUCT('2026-04-16-20-24-47-915',
'plate-2026-04-16T16_18_50.932Z',$,(#2452));
#2455=PRODUCT('2026-04-19-12-11-47-406','Component69',$,(#2452));
#2456=PRODUCT('2026-04-19-12-11-47-499','Component70',$,(#2452));
#2457=PRESENTATION_STYLE_ASSIGNMENT((#2458));
#2458=SURFACE_STYLE_USAGE(.BOTH.,#2459);
#2459=SURFACE_SIDE_STYLE('',(#2460));
#2460=SURFACE_STYLE_FILL_AREA(#2461);
#2461=FILL_AREA_STYLE('Steel - Satin',(#2462));
#2462=FILL_AREA_STYLE_COLOUR('Steel - Satin',#2463);
#2463=COLOUR_RGB('Steel - Satin',0.627450980392157,0.627450980392157,0.627450980392157);
ENDSEC;
END-ISO-10303-21;
